chat,country,state,city,views,forwards,replies,messageText,predicted_class,messageDate,cleanText,summary
https://t.me/helpfulinfoforua,Switzerland,,,7159,42,124,"üëã–í—ñ—Ç–∞—î–º–æ –Ω–∞ –∫–∞–Ω–∞–ª—ñ –ö–û–†–ò–°–ù–û (HELPFUL) –®–≤–µ–π—Ü–∞—Ä—Å—å–∫–æ–≥–æ –ß–µ—Ä–≤–æ–Ω–æ–≥–æ –•—Ä–µ—Å—Ç–∞.\n–ú–∏ ‚Äî –≥—Ä—É–ø–∞ –≤–æ–ª–æ–Ω—Ç–µ—Ä—ñ–≤, —è–∫–∞ –¥–æ–ø–æ–º–æ–∂–µ –≤–∞–º –∑–Ω–∞–π—Ç–∏ –≤—ñ–¥–ø–æ–≤—ñ–¥—ñ –Ω–∞ –≤–∞—à—ñ –∑–∞–ø–∏—Ç–∞–Ω–Ω—è. –ú–∏ –Ω–∞–º–∞–≥–∞—î–º–æ—Å—å –≤—ñ–¥–ø–æ–≤—ñ–¥–∞—Ç–∏ –≤–ø—Ä–æ–¥–æ–≤–∂ 24 –≥–æ–¥–∏–Ω. –í—ñ–¥–ø–æ–≤—ñ–¥—ñ –Ω–∞ –∑–∞–ø–∏—Ç–∞–Ω–Ω—è –Ω–∞–¥–∞—é—Ç—å—Å—è –∑ –ø–æ–Ω–µ–¥—ñ–ª–∫–∞ –ø–æ –ø‚Äô—è—Ç–Ω–∏—Ü—é. \n\n–ü–µ—Ä—à –Ω—ñ–∂ –ø–æ—Å—Ç–∞–≤–∏—Ç–∏ —Å–≤–æ—î –∑–∞–ø–∏—Ç–∞–Ω–Ω—è, –ø—Ä–æ—Å–∏–º–æ –≤–∞—Å —Å–ø–æ—á–∞—Ç–∫—É –ø–µ—Ä–µ–≥–ª—è–Ω—É—Ç–∏ –≤–µ–±-—Å–∞–π—Ç –ö–û–†–ò–°–ù–û (HELPFUL): helpful.redcross.ch\n\n–ù–∞ —Ü—å–æ–º—É –∫–∞–Ω–∞–ª—ñ –º–æ–∂–Ω–∞ –≤–∏–∫–æ—Ä–∏—Å—Ç–æ–≤—É–≤–∞—Ç–∏ —É–∫—Ä–∞—ó–Ω—Å—å–∫—É, —Ä–æ—Å—ñ–π—Å—å–∫—É, –∞–Ω–≥–ª—ñ–π—Å—å–∫—É —Ç–∞ –¥–µ—Ä–∂–∞–≤–Ω—ñ –º–æ–≤–∏ –®–≤–µ–π—Ü–∞—Ä—ñ—ó. –ú–∏ –≤—ñ–¥–ø–æ–≤—ñ–¥–∞—Ç–∏–º–µ–º–æ –∑–¥–µ–±—ñ–ª—å—à–æ–≥–æ –¥–µ—Ä–∂–∞–≤–Ω–∏–º–∏ –º–æ–≤–∞–º–∏ –®–≤–µ–π—Ü–∞—Ä—ñ—ó —Ç–∞ –ø—Ä–æ–ø–æ–Ω—É–≤–∞—Ç–∏–º–µ–º–æ –ø–µ—Ä–µ–∫–ª–∞—Å—Ç–∏ –Ω–∞—à—ñ –≤—ñ–¥–ø–æ–≤—ñ–¥—ñ. –î–ª—è —Ü—å–æ–≥–æ —Å–∫–æ—Ä–∏—Å—Ç–∞–π—Ç–µ—Å—è —Ñ—É–Ω–∫—Ü—ñ—î—é ¬´–ø–µ—Ä–µ–∫–ª–∞–¥—É¬ª, —è–∫—É –ø—Ä–æ–ø–æ–Ω—É—î Telegram. –£–∫–∞–∑—ñ–≤–∫–∏ —Ç–∞ –∫–æ–º–µ–Ω—Ç–∞—Ä—ñ –Ω–∞–≤–µ–¥–µ–Ω–æ –Ω–∏–∂—á–µ.\n\n‚ö†Ô∏è–û—Å–∫—ñ–ª—å–∫–∏ —Ü–µ –ø—É–±–ª—ñ—á–Ω–∏–π –∫–∞–Ω–∞–ª, –≤–∞—à—ñ –∫–æ–º–µ–Ω—Ç–∞—Ä—ñ –±–∞—á–∏—Ç–∏–º—É—Ç—å –≤—Å—ñ –±–∞–∂–∞—é—á—ñ.\n–Ø–∫—â–æ —É –≤–∞—Å —î –∑–∞–ø–∏—Ç–∞–Ω–Ω—è, —â–æ –ø–µ—Ä–µ–¥–±–∞—á–∞—î —Ä–æ–∑–∫—Ä–∏—Ç—Ç—è –æ—Å–æ–±–∏—Å—Ç–æ—ó —ñ–Ω—Ñ–æ—Ä–º–∞—Ü—ñ—ó, –ø—Ä–æ—Å–∏–º–æ –≤–∞—Å –¥–æ–¥–∞—Ç–∏ –≤ –∫–æ–º–µ–Ω—Ç–∞—Ä—ñ –∑–Ω–∞—á–æ–∫ ‚úâÔ∏è.\n–¢–æ–¥—ñ –º–∏ –Ω–∞–¥—ñ—à–ª–µ–º–æ –≤–∞–º –ø—Ä–∏–≤–∞—Ç–Ω–µ –ø–æ–≤—ñ–¥–æ–º–ª–µ–Ω–Ω—è –≤ –∑–∞—à–∏—Ñ—Ä–æ–≤–∞–Ω–æ–º—É —á–∞—Ç—ñ.\n\nüìç–í—ñ–¥–ø–æ–≤—ñ–¥—ñ –Ω–∞ –¥–µ—è–∫—ñ –ø–∏—Ç–∞–Ω–Ω—è –±—É–ª–∏ –Ω–∞–¥–∞–Ω—ñ –≤ –ø—Ä–∏–≤–∞—Ç–Ω–∏—Ö –ø–æ–≤—ñ–¥–æ–º–ª–µ–Ω–Ω—è—Ö. –ü—Ä–æ—Å–∏–º–æ –≤–∞—Å –ø–∏—Å–∞—Ç–∏ –ø—ñ–¥ –≤—ñ–¥–ø–æ–≤—ñ–¥–Ω–∏–º–∏ —Å–µ–∫—Ü—ñ—è–º–∏ –≤ –æ—Å–Ω–æ–≤–Ω–æ–º—É –∫–∞–Ω–∞–ª—ñ. \n\n____\n\nüëã–î–æ–±—Ä–æ –ø–æ–∂–∞–ª–æ–≤–∞—Ç—å –Ω–∞ –∫–∞–Ω–∞–ª HELPFUL –®–≤–µ–π—Ü–∞—Ä—Å–∫–æ–≥–æ –ö—Ä–∞—Å–Ω–æ–≥–æ –ö—Ä–µ—Å—Ç–∞. \n–ú—ã - –∫–æ–º–∞–Ω–¥–∞ –≤–æ–ª–æ–Ω—Ç–µ—Ä–æ–≤ –∏ –≥–æ—Ç–æ–≤—ã –ø–æ–º–æ—á—å –≤–∞–º –Ω–∞–π—Ç–∏ –æ—Ç–≤–µ—Ç—ã –Ω–∞ –≤–∞—à–∏ –≤–æ–ø—Ä–æ—Å—ã. –ú—ã —Å—Ç–∞—Ä–∞–µ–º—Å—è –¥–∞–≤–∞—Ç—å –æ—Ç–≤–µ—Ç—ã –≤ —Ç–µ—á–µ–Ω–∏–µ 24 —á–∞—Å–æ–≤. –ú—ã –±—É–¥–µ–º –æ—Ç–≤–µ—á–∞—Ç—å –Ω–∞ –≤–∞—à–∏ –≤–æ–ø—Ä–æ—Å—ã —Å –ø–æ–Ω–µ–¥–µ–ª—å–Ω–∏–∫–∞ –ø–æ –ø—è—Ç–Ω–∏—Ü—É.  \n\n–ü—Ä–µ–∂–¥–µ —á–µ–º –∑–∞–¥–∞—Ç—å —Å–≤–æ–π –≤–æ–ø—Ä–æ—Å, –ø—Ä–æ—Å–∏–º –≤–∞—Å —Å–Ω–∞—á–∞–ª–∞ –∑–∞–≥–ª—è–Ω—É—Ç—å –Ω–∞ —Å–∞–π—Ç HELPFUL: helpful.redcross.ch.\n\n–ù–∞ —ç—Ç–æ–º –∫–∞–Ω–∞–ª–µ –∏—Å–ø–æ–ª—å–∑—É—é—Ç—Å—è —É–∫—Ä–∞–∏–Ω—Å–∫–∏–π, —Ä—É—Å—Å–∫–∏–π, –∞–Ω–≥–ª–∏–π—Å–∫–∏–π –∏–ª–∏ —à–≤–µ–π—Ü–∞—Ä—Å–∫–∏–µ –≥–æ—Å—É–¥–∞—Ä—Å—Ç–≤–µ–Ω–Ω—ã–µ —è–∑—ã–∫–∏. –ú—ã –±—É–¥–µ–º –æ—Ç–≤–µ—á–∞—Ç—å –ø—Ä–µ–∏–º—É—â–µ—Å—Ç–≤–µ–Ω–Ω–æ –Ω–∞ —è–∑—ã–∫–∞—Ö, –∏—Å–ø–æ–ª—å–∑—É–µ–º—ã—Ö –≤ –®–≤–µ–π—Ü–∞—Ä–∏–∏, –∏ –ø—Ä–æ—Å–∏–º –≤–∞—Å –ø–µ—Ä–µ–≤–æ–¥–∏—Ç—å –Ω–∞—à–∏ –æ—Ç–≤–µ—Ç—ã.  –î–ª—è —ç—Ç–æ–≥–æ –≤–æ—Å–ø–æ–ª—å–∑—É–π—Ç–µ—Å—å –æ–ø—Ü–∏–µ–π ""–ø–µ—Ä–µ–≤–µ—Å—Ç–∏"", –∏–º–µ—é—â–µ–π—Å—è –≤ Telegram. –°–º–æ—Ç—Ä–∏—Ç–µ –∏–Ω—Å—Ç—Ä—É–∫—Ü–∏–∏ –≤ –∫–æ–º–º–µ–Ω—Ç–∞—Ä–∏—è—Ö –Ω–∏–∂–µ. \n\n‚ö†Ô∏è–ü–æ—Å–∫–æ–ª—å–∫—É —ç—Ç–æ—Ç –∫–∞–Ω–∞–ª —è–≤–ª—è–µ—Ç—Å—è –ø—É–±–ª–∏—á–Ω—ã–º, –≤–∞—à–∏ –∫–æ–º–º–µ–Ω—Ç–∞—Ä–∏–∏ —Å–º–æ–∂–µ—Ç —É–≤–∏–¥–µ—Ç—å –∫–∞–∂–¥—ã–π.\n–ï—Å–ª–∏ —É –≤–∞—Å –µ—Å—Ç—å –≤–æ–ø—Ä–æ—Å, –ø–æ–¥—Ä–∞–∑—É–º–µ–≤–∞—é—â–∏–π –ø—Ä–µ–¥–æ—Å—Ç–∞–≤–ª–µ–Ω–∏—è –∫–∞–∫–∏—Ö-—Ç–æ –ª–∏—á–Ω—ã—Ö –¥–∞–Ω–Ω—ã—Ö, –ø—Ä–æ—Å–∏–º –≤–∞—Å –æ—Ç–ø—Ä–∞–≤–∏—Ç—å –∑–Ω–∞—á–æ–∫ ‚úâÔ∏è –≤ –∫–æ–º–º–µ–Ω—Ç–∞—Ä–∏–∏.\n–ü–æ—Å–ª–µ —ç—Ç–æ–≥–æ –º—ã –æ—Ç–ø—Ä–∞–≤–∏–º –≤–∞–º –ª–∏—á–Ω–æ–µ —Å–æ–æ–±—â–µ–Ω–∏–µ –≤ –∑–∞—â–∏—â–µ–Ω–Ω–æ–º —á–∞—Ç–µ.\n\n___\n\nüëã Welcome to the channel HELPFUL by the Swiss Red Cross.\nWe are a team of volunteers and will help you find answers to your questions. We aim to respond within 24 hours. The questions will be answered from Monday to Friday. \n\nBefore asking your question, we ask you to please first check the HELPFUL website: helpful.redcross.ch\n\nThe languages used in this channel are Ukrainian, Russian, English or the Swiss national languages. We will mainly answer using the Swiss national languages and ask you to translate our answers. To do this please use the option ‚Äútranslate‚Äù provided by Telegram. See instructions in the comments below.\n\n‚ö†Ô∏è As this channel is public, your comments will be seen by everyone.\nIf you have a question that requires sharing some personal data, we ask you to send the icon ‚úâÔ∏è in the comment.\nWe will then send you a private message in a secured chat.\n\nüìçSome answers are provided in private messages. We also please ask you to write under the appropriate sections in the main channel.",Volunteering,2022-07-14,"üëã–≤—ñ—Ç–∞—î–º–æ –Ω–∞ –∫–∞–Ω–∞–ª—ñ –∫–æ—Ä–∏—Å–Ω–æ (helpful) —à–≤–µ–π—Ü–∞—Ä—Å—å–∫–æ–≥–æ —á–µ—Ä–≤–æ–Ω–æ–≥–æ —Ö—Ä–µ—Å—Ç–∞. –º–∏ ‚Äî –≥—Ä—É–ø–∞ –≤–æ–ª–æ–Ω—Ç–µ—Ä—ñ–≤, —è–∫–∞ –¥–æ–ø–æ–º–æ–∂–µ –≤–∞–º –∑–Ω–∞–π—Ç–∏ –≤—ñ–¥–ø–æ–≤—ñ–¥—ñ –Ω–∞ –≤–∞—à—ñ –∑–∞–ø–∏—Ç–∞–Ω–Ω—è. –º–∏ –Ω–∞–º–∞–≥–∞—î–º–æ—Å—å –≤—ñ–¥–ø–æ–≤—ñ–¥–∞—Ç–∏ –≤–ø—Ä–æ–¥–æ–≤–∂ 24 –≥–æ–¥–∏–Ω. –≤—ñ–¥–ø–æ–≤—ñ–¥—ñ –Ω–∞ –∑–∞–ø–∏—Ç–∞–Ω–Ω—è –Ω–∞–¥–∞—é—Ç—å—Å—è –∑ –ø–æ–Ω–µ–¥—ñ–ª–∫–∞ –ø–æ –ø‚Äô—è—Ç–Ω–∏—Ü—é.   –ø–µ—Ä—à –Ω—ñ–∂ –ø–æ—Å—Ç–∞–≤–∏—Ç–∏ —Å–≤–æ—î –∑–∞–ø–∏—Ç–∞–Ω–Ω—è, –ø—Ä–æ—Å–∏–º–æ –≤–∞—Å —Å–ø–æ—á–∞—Ç–∫—É –ø–µ—Ä–µ–≥–ª—è–Ω—É—Ç–∏ –≤–µ–±-—Å–∞–π—Ç –∫–æ—Ä–∏—Å–Ω–æ (helpful): helpful.redcross.ch  –Ω–∞ —Ü—å–æ–º—É –∫–∞–Ω–∞–ª—ñ –º–æ–∂–Ω–∞ –≤–∏–∫–æ—Ä–∏—Å—Ç–æ–≤—É–≤–∞—Ç–∏ —É–∫—Ä–∞—ó–Ω—Å—å–∫—É, —Ä–æ—Å—ñ–π—Å—å–∫—É, –∞–Ω–≥–ª—ñ–π—Å—å–∫—É —Ç–∞ –¥–µ—Ä–∂–∞–≤–Ω—ñ –º–æ–≤–∏ —à–≤–µ–π—Ü–∞—Ä—ñ—ó. –º–∏ –≤—ñ–¥–ø–æ–≤—ñ–¥–∞—Ç–∏–º–µ–º–æ –∑–¥–µ–±—ñ–ª—å—à–æ–≥–æ –¥–µ—Ä–∂–∞–≤–Ω–∏–º–∏ –º–æ–≤–∞–º–∏ —à–≤–µ–π—Ü–∞—Ä—ñ—ó —Ç–∞ –ø—Ä–æ–ø–æ–Ω—É–≤–∞—Ç–∏–º–µ–º–æ –ø–µ—Ä–µ–∫–ª–∞—Å—Ç–∏ –Ω–∞—à—ñ –≤—ñ–¥–ø–æ–≤—ñ–¥—ñ. –¥–ª—è —Ü—å–æ–≥–æ —Å–∫–æ—Ä–∏—Å—Ç–∞–π—Ç–µ—Å—è —Ñ—É–Ω–∫—Ü—ñ—î—é ¬´–ø–µ—Ä–µ–∫–ª–∞–¥—É¬ª, —è–∫—É –ø—Ä–æ–ø–æ–Ω—É—î telegram. —É–∫–∞–∑—ñ–≤–∫–∏ —Ç–∞ –∫–æ–º–µ–Ω—Ç–∞—Ä—ñ –Ω–∞–≤–µ–¥–µ–Ω–æ –Ω–∏–∂—á–µ.  ‚ö†Ô∏è–æ—Å–∫—ñ–ª—å–∫–∏ —Ü–µ –ø—É–±–ª—ñ—á–Ω–∏–π –∫–∞–Ω–∞–ª, –≤–∞—à—ñ –∫–æ–º–µ–Ω—Ç–∞—Ä—ñ –±–∞—á–∏—Ç–∏–º—É—Ç—å –≤—Å—ñ –±–∞–∂–∞—é—á—ñ. —è–∫—â–æ —É –≤–∞—Å —î –∑–∞–ø–∏—Ç–∞–Ω–Ω—è, —â–æ –ø–µ—Ä–µ–¥–±–∞—á–∞—î —Ä–æ–∑–∫—Ä–∏—Ç—Ç—è –æ—Å–æ–±–∏—Å—Ç–æ—ó —ñ–Ω—Ñ–æ—Ä–º–∞—Ü—ñ—ó, –ø—Ä–æ—Å–∏–º–æ –≤–∞—Å –¥–æ–¥–∞—Ç–∏ –≤ –∫–æ–º–µ–Ω—Ç–∞—Ä—ñ –∑–Ω–∞—á–æ–∫ ‚úâÔ∏è. —Ç–æ–¥—ñ –º–∏ –Ω–∞–¥—ñ—à–ª–µ–º–æ –≤–∞–º –ø—Ä–∏–≤–∞—Ç–Ω–µ –ø–æ–≤—ñ–¥–æ–º–ª–µ–Ω–Ω—è –≤ –∑–∞—à–∏—Ñ—Ä–æ–≤–∞–Ω–æ–º—É —á–∞—Ç—ñ.  üìç–≤—ñ–¥–ø–æ–≤—ñ–¥—ñ –Ω–∞ –¥–µ—è–∫—ñ –ø–∏—Ç–∞–Ω–Ω—è –±—É–ª–∏ –Ω–∞–¥–∞–Ω—ñ –≤ –ø—Ä–∏–≤–∞—Ç–Ω–∏—Ö –ø–æ–≤—ñ–¥–æ–º–ª–µ–Ω–Ω—è—Ö. –ø—Ä–æ—Å–∏–º–æ –≤–∞—Å –ø–∏—Å–∞—Ç–∏ –ø—ñ–¥ –≤—ñ–¥–ø–æ–≤—ñ–¥–Ω–∏–º–∏ —Å–µ–∫—Ü—ñ—è–º–∏ –≤ –æ—Å–Ω–æ–≤–Ω–æ–º—É –∫–∞–Ω–∞–ª—ñ.   ____  üëã–¥–æ–±—Ä–æ –ø–æ–∂–∞–ª–æ–≤–∞—Ç—å –Ω–∞ –∫–∞–Ω–∞–ª helpful —à–≤–µ–π—Ü–∞—Ä—Å–∫–æ–≥–æ –∫—Ä–∞—Å–Ω–æ–≥–æ –∫—Ä–µ—Å—Ç–∞.  –º—ã - –∫–æ–º–∞–Ω–¥–∞ –≤–æ–ª–æ–Ω—Ç–µ—Ä–æ–≤ –∏ –≥–æ—Ç–æ–≤—ã –ø–æ–º–æ—á—å –≤–∞–º –Ω–∞–π—Ç–∏ –æ—Ç–≤–µ—Ç—ã –Ω–∞ –≤–∞—à–∏ –≤–æ–ø—Ä–æ—Å—ã. –º—ã —Å—Ç–∞—Ä–∞–µ–º—Å—è –¥–∞–≤–∞—Ç—å –æ—Ç–≤–µ—Ç—ã –≤ —Ç–µ—á–µ–Ω–∏–µ 24 —á–∞—Å–æ–≤. –º—ã –±—É–¥–µ–º –æ—Ç–≤–µ—á–∞—Ç—å –Ω–∞ –≤–∞—à–∏ –≤–æ–ø—Ä–æ—Å—ã —Å –ø–æ–Ω–µ–¥–µ–ª—å–Ω–∏–∫–∞ –ø–æ –ø—è—Ç–Ω–∏—Ü—É.    –ø—Ä–µ–∂–¥–µ —á–µ–º –∑–∞–¥–∞—Ç—å —Å–≤–æ–π –≤–æ–ø—Ä–æ—Å, –ø—Ä–æ—Å–∏–º –≤–∞—Å —Å–Ω–∞—á–∞–ª–∞ –∑–∞–≥–ª—è–Ω—É—Ç—å –Ω–∞ —Å–∞–π—Ç helpful: helpful.redcross.ch.  –Ω–∞ —ç—Ç–æ–º –∫–∞–Ω–∞–ª–µ –∏—Å–ø–æ–ª—å–∑—É—é—Ç—Å—è —É–∫—Ä–∞–∏–Ω—Å–∫–∏–π, —Ä—É—Å—Å–∫–∏–π, –∞–Ω–≥–ª–∏–π—Å–∫–∏–π –∏–ª–∏ —à–≤–µ–π—Ü–∞—Ä—Å–∫–∏–µ –≥–æ—Å—É–¥–∞—Ä—Å—Ç–≤–µ–Ω–Ω—ã–µ —è–∑—ã–∫–∏. –º—ã –±—É–¥–µ–º –æ—Ç–≤–µ—á–∞—Ç—å –ø—Ä–µ–∏–º—É—â–µ—Å—Ç–≤–µ–Ω–Ω–æ –Ω–∞ —è–∑—ã–∫–∞—Ö, –∏—Å–ø–æ–ª—å–∑—É–µ–º—ã—Ö –≤ —à–≤–µ–π—Ü–∞—Ä–∏–∏, –∏ –ø—Ä–æ—Å–∏–º –≤–∞—Å –ø–µ—Ä–µ–≤–æ–¥–∏—Ç—å –Ω–∞—à–∏ –æ—Ç–≤–µ—Ç—ã.  –¥–ª—è —ç—Ç–æ–≥–æ –≤–æ—Å–ø–æ–ª—å–∑—É–π—Ç–µ—Å—å –æ–ø—Ü–∏–µ–π ""–ø–µ—Ä–µ–≤–µ—Å—Ç–∏"", –∏–º–µ—é—â–µ–π—Å—è –≤ telegram. —Å–º–æ—Ç—Ä–∏—Ç–µ –∏–Ω—Å—Ç—Ä—É–∫—Ü–∏–∏ –≤ –∫–æ–º–º–µ–Ω—Ç–∞—Ä–∏—è—Ö –Ω–∏–∂–µ.   ‚ö†Ô∏è–ø–æ—Å–∫–æ–ª—å–∫—É —ç—Ç–æ—Ç –∫–∞–Ω–∞–ª —è–≤–ª—è–µ—Ç—Å—è –ø—É–±–ª–∏—á–Ω—ã–º, –≤–∞—à–∏ –∫–æ–º–º–µ–Ω—Ç–∞—Ä–∏–∏ —Å–º–æ–∂–µ—Ç —É–≤–∏–¥–µ—Ç—å –∫–∞–∂–¥—ã–π. –µ—Å–ª–∏ —É –≤–∞—Å –µ—Å—Ç—å –≤–æ–ø—Ä–æ—Å, –ø–æ–¥—Ä–∞–∑—É–º–µ–≤–∞—é—â–∏–π –ø—Ä–µ–¥–æ—Å—Ç–∞–≤–ª–µ–Ω–∏—è –∫–∞–∫–∏—Ö-—Ç–æ –ª–∏—á–Ω—ã—Ö –¥–∞–Ω–Ω—ã—Ö, –ø—Ä–æ—Å–∏–º –≤–∞—Å –æ—Ç–ø—Ä–∞–≤–∏—Ç—å –∑–Ω–∞—á–æ–∫ ‚úâÔ∏è –≤ –∫–æ–º–º–µ–Ω—Ç–∞—Ä–∏–∏. –ø–æ—Å–ª–µ —ç—Ç–æ–≥–æ –º—ã –æ—Ç–ø—Ä–∞–≤–∏–º –≤–∞–º –ª–∏—á–Ω–æ–µ —Å–æ–æ–±—â–µ–Ω–∏–µ –≤ –∑–∞—â–∏—â–µ–Ω–Ω–æ–º —á–∞—Ç–µ.  ___  üëã welcome to the channel helpful by the swiss red cross. we are a team of volunteers and will help you find answers to your questions. we aim to respond within 24 hours. the questions will be answered from monday to friday.   before asking your question, we ask you to please first check the helpful website: helpful.redcross.ch  the languages used in this channel are ukrainian, russian, english or the swiss national languages. we will mainly answer using the swiss national languages and ask you to translate our answers. to do this please use the option ‚Äútranslate‚Äù provided by telegram. see instructions in the comments below.  ‚ö†Ô∏è as this channel is public, your comments will be seen by everyone. if you have a question that requires sharing some personal data, we ask you to send the icon ‚úâÔ∏è in the comment. we will then send you a private message in a secured chat.  üìçsome answers are provided in private messages. we also please ask you to write under the appropriate sections in the main channel.","—à–≤–µ–π—Ü–∞—Ä—Å—å–∫–∏–π —á–µ—Ä–≤–æ–Ω–∏–π —Ö—Ä–µ—Å—Ç —Å–ø—ñ–ª—å–Ω–æ –∑ —à–≤–µ–π—Ü–∞—Ä—Å—å–∫–∏–º —á–µ—Ä–≤–æ–Ω–∏–º —Ö—Ä–µ—Å—Ç–æ–º —Ö–æ—á–µ –¥–æ–ø–æ–º–æ–≥—Ç–∏ –ª—é–¥—è–º, —è–∫—ñ —à—É–∫–∞—é—Ç—å –≤—ñ–¥–ø–æ–≤—ñ–¥—ñ –Ω–∞ –ø–∏—Ç–∞–Ω–Ω—è, —è–∫—ñ —Ö–≤–∏–ª—é—é—Ç—å."
https://t.me/helpfulinfoforua,Switzerland,,,6026,50,31,"–Ø–∫—ñ –ø—Ä–æ–ø–æ–∑–∏—Ü—ñ—ó –ø—ñ–¥—Ç—Ä–∏–º–∫–∏ —î —É –í–∞—à–æ–º—É –∫–∞–Ω—Ç–æ–Ω—ñ? \n–ù–∞ —Å–∞–π—Ç—ñ Helpful, —Ü–µ –º–æ–∂–Ω–∞ –ø–µ—Ä–µ–≥–ª—è–Ω—É—Ç–∏ –Ω–∞ –ø—Ä–∏–∫–ª–∞–¥—ñ –∫–∞–Ω—Ç–æ–Ω—É –ë–µ—Ä–Ω.\n–ü—Ä–∏–ø—É—Å—Ç–∏–º–æ, –í–∏ —à—É–∫–∞—î—Ç–µ —Å–µ—Ä–≤—ñ—Å, —è–∫–∏–π –¥–æ–ø–æ–º–∞–≥–∞—î –∑ –Ω–∞–ø–∏—Å–∞–Ω–Ω—è–º —Ä–µ–∑—é–º–µ. \n–í —Ç–∞–∫–æ–º—É –≤–∏–ø–∞–¥–∫—É, –í–∏ –º–æ–∂–µ—Ç–µ –∑–≤–µ—Ä–Ω—É—Ç–∏—Å—è –¥–æ –æ–¥–Ω—ñ—î—ó —ñ–∑ –Ω–∞—Å—Ç—É–ø–Ω–∏—Ö —Å–ª—É–∂–±. \n–ù–∞–ø—Ä–∏–∫–ª–∞–¥ HEKS: –ø—ñ–¥—Ç—Ä–∏–º—É—î –≤–∏—Å–æ–∫–æ–∫–≤–∞–ª—ñ—Ñ—ñ–∫–æ–≤–∞–Ω–∏—Ö –º—ñ–≥—Ä–∞–Ω—Ç—ñ–≤ –Ω–∞ —à–ª—è—Ö—É –¥–æ —Ä–æ–±–æ—Ç–∏, —è–∫–∞ –≤—ñ–¥–ø–æ–≤—ñ–¥–∞—î —ó—Ö –ø–æ—Ç–µ–Ω—Ü—ñ–∞–ª—É.\n–¶—é —Ç–∞ —ñ–Ω—à—É —ñ–Ω—Ñ–æ—Ä–º–∞—Ü—ñ—é, –í–∏ –º–æ–∂–µ—Ç–µ –ø–µ—Ä–µ–≥–ª—è–Ω—É—Ç–∏ –Ω–∞ —Å–∞–π—Ç—ñ Helpful. \n\nhttps://helpful.redcross.ch/uk/perebuvannya/robota",Volunteering,2023-05-22,"—è–∫—ñ –ø—Ä–æ–ø–æ–∑–∏—Ü—ñ—ó –ø—ñ–¥—Ç—Ä–∏–º–∫–∏ —î —É –≤–∞—à–æ–º—É –∫–∞–Ω—Ç–æ–Ω—ñ?  –Ω–∞ —Å–∞–π—Ç—ñ helpful, —Ü–µ –º–æ–∂–Ω–∞ –ø–µ—Ä–µ–≥–ª—è–Ω—É—Ç–∏ –Ω–∞ –ø—Ä–∏–∫–ª–∞–¥—ñ –∫–∞–Ω—Ç–æ–Ω—É –±–µ—Ä–Ω. –ø—Ä–∏–ø—É—Å—Ç–∏–º–æ, –≤–∏ —à—É–∫–∞—î—Ç–µ —Å–µ—Ä–≤—ñ—Å, —è–∫–∏–π –¥–æ–ø–æ–º–∞–≥–∞—î –∑ –Ω–∞–ø–∏—Å–∞–Ω–Ω—è–º —Ä–µ–∑—é–º–µ.  –≤ —Ç–∞–∫–æ–º—É –≤–∏–ø–∞–¥–∫—É, –≤–∏ –º–æ–∂–µ—Ç–µ –∑–≤–µ—Ä–Ω—É—Ç–∏—Å—è –¥–æ –æ–¥–Ω—ñ—î—ó —ñ–∑ –Ω–∞—Å—Ç—É–ø–Ω–∏—Ö —Å–ª—É–∂–±.  –Ω–∞–ø—Ä–∏–∫–ª–∞–¥ heks: –ø—ñ–¥—Ç—Ä–∏–º—É—î –≤–∏—Å–æ–∫–æ–∫–≤–∞–ª—ñ—Ñ—ñ–∫–æ–≤–∞–Ω–∏—Ö –º—ñ–≥—Ä–∞–Ω—Ç—ñ–≤ –Ω–∞ —à–ª—è—Ö—É –¥–æ —Ä–æ–±–æ—Ç–∏, —è–∫–∞ –≤—ñ–¥–ø–æ–≤—ñ–¥–∞—î —ó—Ö –ø–æ—Ç–µ–Ω—Ü—ñ–∞–ª—É. —Ü—é —Ç–∞ —ñ–Ω—à—É —ñ–Ω—Ñ–æ—Ä–º–∞—Ü—ñ—é, –≤–∏ –º–æ–∂–µ—Ç–µ –ø–µ—Ä–µ–≥–ª—è–Ω—É—Ç–∏ –Ω–∞ —Å–∞–π—Ç—ñ helpful.  ",—Å–µ—Ä–≤—ñ—Å–∏ –¥–æ–ø–æ–º–æ–≥–∏ –º—ñ–≥—Ä–∞–Ω—Ç–∞–º —É –∫–∞–Ω–∞–¥—ñ –ø—ñ–¥—Ç—Ä–∏–º—É—é—Ç—å —ñ–Ω–æ–∑–µ–º—Ü—ñ–≤ –Ω–∞ —à–ª—è—Ö—É –¥–æ —Ä–æ–±–æ—Ç–∏.
https://t.me/helpfulinfoforua,Switzerland,,,3617,58,2,"–Ø–∫ –æ—Ñ–æ—Ä–º–∏—Ç–∏ —Å–∞–º–æ–∑–∞–π–Ω—è—Ç—ñ—Å—Ç—å –≤ –®–≤–µ–π—Ü–∞—Ä—ñ—ó –∑—ñ —Å—Ç–∞—Ç—É—Å–æ–º S? \n\n\n–ü–µ—Ä—à–∏–º –∫—Ä–æ–∫–æ–º –Ω–µ–æ–±—Ö—ñ–¥–Ω–æ –æ—Ç—Ä–∏–º–∞—Ç–∏ –¥–æ–∑–≤—ñ–ª –Ω–∞ —Ä–æ–±–æ—Ç—É. –ù–∞—Å—Ç—É–ø–Ω–∏–º –∫—Ä–æ–∫–æ–º —è–≤–ª—è—î—Ç—å—Å—è —Ä–µ—î—Å—Ç—Ä–∞—Ü—ñ—è –≤ –∫–æ–º–ø–µ–Ω—Å–∞—Ü—ñ–π–Ω–æ–≥–æ —Ñ–æ–Ω–¥—ñ –≤–∞—à–æ–≥–æ –∫–∞–Ω—Ç–æ–Ω—É. \n\nhttps://helpful.redcross.ch/uk/perebuvannya/robota#zagalna-informaciya\n\n –Ø–∫—ñ —Å–ª—É–∂–±–∏ –≤–∏–¥–∞—é—Ç—å –¥–æ–∑–≤—ñ–ª –Ω–∞ —Ä–æ–±–æ—Ç—É? \n\n –í –¥–µ—è–∫–∏—Ö –∫–∞–Ω—Ç–æ–Ω–∞—Ö —Ü–∏–º –∑–∞–π–º–∞—î—Ç—å—Å—è –¥–µ–ø–∞—Ä—Ç–∞–º–µ–Ω—Ç –ø—Ä–∞—Ü—ñ, –∞ –≤ —ñ–Ω—à–∏—Ö —Ü–∏–º —á–∞—Å—Ç–æ –∑–∞–π–º–∞—î—Ç—å—Å—è –º—ñ–≥—Ä–∞—Ü—ñ–π–Ω–∞ —Å–ª—É–∂–±–∞.  \n\n –ù–∞ —Å–∞–π—Ç—ñ —Ñ–µ–¥–µ—Ä–∞–ª—å–Ω–æ–≥–æ —É–ø—Ä–∞–≤–ª—ñ–Ω–Ω—è –∑ –ø–∏—Ç–∞–Ω—å –º—ñ–≥—Ä–∞—Ü—ñ—ó SEM –º–æ–∂–Ω–∞ –ø–æ–¥–∏–≤–∏—Ç–∏—Å—è, —è–∫—ñ —Å–ª—É–∂–±–∏ –≤—ñ–¥–ø–æ–≤—ñ–¥–∞—é—Ç—å –∑–∞ –≤–∏–¥–∞—á—É –¥–æ–∑–≤–æ–ª—É –Ω–∞ —Ä–æ–±–æ—Ç—É.\n\nhttps://www.sem.admin.ch/sem/en/home/sem/kontakt/kantonale_behoerden/adressen_kantone_und.html\n\n–í–∏ –º–æ–∂–µ—Ç–µ –Ω–∞–ø–∏—Å–∞—Ç–∏ –ª–∏—Å—Ç–∞ –Ω–∞ —ó—Ö –µ–ª–µ–∫—Ç—Ä–æ–Ω–Ω—É –∞–¥—Ä–µ—Å—É –¥–ª—è —Ç–æ–≥–æ, —â–æ–± –¥—ñ–∑–Ω–∞—Ç–∏—Å—è –ø—Ä–æ –Ω–µ–æ–±—Ö—ñ–¥–Ω–∏–π –ø–µ—Ä–µ–ª—ñ–∫ –¥–æ–∫—É–º–µ–Ω—Ç—ñ–≤.",Integration,2023-05-22,"—è–∫ –æ—Ñ–æ—Ä–º–∏—Ç–∏ —Å–∞–º–æ–∑–∞–π–Ω—è—Ç—ñ—Å—Ç—å –≤ —à–≤–µ–π—Ü–∞—Ä—ñ—ó –∑—ñ —Å—Ç–∞—Ç—É—Å–æ–º s?    –ø–µ—Ä—à–∏–º –∫—Ä–æ–∫–æ–º –Ω–µ–æ–±—Ö—ñ–¥–Ω–æ –æ—Ç—Ä–∏–º–∞—Ç–∏ –¥–æ–∑–≤—ñ–ª –Ω–∞ —Ä–æ–±–æ—Ç—É. –Ω–∞—Å—Ç—É–ø–Ω–∏–º –∫—Ä–æ–∫–æ–º —è–≤–ª—è—î—Ç—å—Å—è —Ä–µ—î—Å—Ç—Ä–∞—Ü—ñ—è –≤ –∫–æ–º–ø–µ–Ω—Å–∞—Ü—ñ–π–Ω–æ–≥–æ —Ñ–æ–Ω–¥—ñ –≤–∞—à–æ–≥–æ –∫–∞–Ω—Ç–æ–Ω—É.   —è–∫—ñ —Å–ª—É–∂–±–∏ –≤–∏–¥–∞—é—Ç—å –¥–æ–∑–≤—ñ–ª –Ω–∞ —Ä–æ–±–æ—Ç—É?    –≤ –¥–µ—è–∫–∏—Ö –∫–∞–Ω—Ç–æ–Ω–∞—Ö —Ü–∏–º –∑–∞–π–º–∞—î—Ç—å—Å—è –¥–µ–ø–∞—Ä—Ç–∞–º–µ–Ω—Ç –ø—Ä–∞—Ü—ñ, –∞ –≤ —ñ–Ω—à–∏—Ö —Ü–∏–º —á–∞—Å—Ç–æ –∑–∞–π–º–∞—î—Ç—å—Å—è –º—ñ–≥—Ä–∞—Ü—ñ–π–Ω–∞ —Å–ª—É–∂–±–∞.     –Ω–∞ —Å–∞–π—Ç—ñ —Ñ–µ–¥–µ—Ä–∞–ª—å–Ω–æ–≥–æ —É–ø—Ä–∞–≤–ª—ñ–Ω–Ω—è –∑ –ø–∏—Ç–∞–Ω—å –º—ñ–≥—Ä–∞—Ü—ñ—ó sem –º–æ–∂–Ω–∞ –ø–æ–¥–∏–≤–∏—Ç–∏—Å—è, —è–∫—ñ —Å–ª—É–∂–±–∏ –≤—ñ–¥–ø–æ–≤—ñ–¥–∞—é—Ç—å –∑–∞ –≤–∏–¥–∞—á—É –¥–æ–∑–≤–æ–ª—É –Ω–∞   –º–æ–∂–µ—Ç–µ –Ω–∞–ø–∏—Å–∞—Ç–∏ –ª–∏—Å—Ç–∞ –Ω–∞ —ó—Ö –µ–ª–µ–∫—Ç—Ä–æ–Ω–Ω—É –∞–¥—Ä–µ—Å—É –¥–ª—è —Ç–æ–≥–æ, —â–æ–± –¥—ñ–∑–Ω–∞—Ç–∏—Å—è –ø—Ä–æ –Ω–µ–æ–±—Ö—ñ–¥–Ω–∏–π –ø–µ—Ä–µ–ª—ñ–∫ –¥–æ–∫—É–º–µ–Ω—Ç—ñ–≤.",—à–≤–µ–π—Ü–∞—Ä—ñ—è –¥–æ–∑–≤–æ–ª—è—î —Å–∞–º–æ–∑–∞–π–Ω—è—Ç–æ—Å—Ç—ñ –≤ –∫—Ä–∞—ó–Ω—ñ –∑—ñ —Å—Ç–∞—Ç—É—Å–æ–º s.
https://t.me/helpfulinfoforua,Switzerland,,,10435,76,296,"–î–æ—Ä–æ–≥—ñ —É—á–∞—Å–Ω–∏–∫–∏ –≥—Ä—É–ø–∏,\n\n–†–∞–¥—ñ –æ–≥–æ–ª–æ—Å–∏—Ç–∏, —â–æ –¥—Ä—É–≥–∞ —á–∞—Å—Ç–∏–Ω–∞ –≤–µ–± —Å–∞–π—Ç—É HELPFUL –ø—Ä–æ –ø–µ—Ä–µ–±—É–≤–∞–Ω–Ω—è —É –®–≤–µ–π—Ü–∞—Ä—ñ—ó –≤–∂–µ –æ–Ω–ª–∞–π–Ω üéâ\n–ë—É–¥—å –ª–∞—Å–∫–∞, –ø–µ—Ä–µ–≥–ª—è–Ω—å—Ç–µ –æ–ø—É–±–ª—ñ–∫–æ–≤–∞–Ω—É —ñ–Ω—Ñ–æ—Ä–º–∞—Ü—ñ—é –Ω–∞ –ø–æ–ø—É–ª—è—Ä–Ω—ñ —Ç–µ–º–∏ —Ç–∞–∫—ñ —è–∫: —Ä–æ–±–æ—Ç–∞, –æ—Å–≤—ñ—Ç–∞, –ø–æ—à—É–∫ –∂–∏—Ç–ª–∞ —Ç–∞ –≤–∏–≤—á–µ–Ω–Ω—è –º–æ–≤–∏ —Ç—É—Ç ‚û°Ô∏è https://helpful.redcross.ch/uk/perebuvannya\n\n–°–ø–æ–¥—ñ–≤–∞—î–º–æ—Å—è, —â–æ –≤–∏ –∑–Ω–∞–π–¥–µ—Ç–µ –±–∞–≥–∞—Ç–æ –∫–æ—Ä–∏—Å–Ω–æ–≥–æ –¥–ª—è —Å–µ–±–µ, —ñ —è–∫—â–æ —É –≤–∞—Å –∑–∞–ª–∏—à–∞—Ç—å—Å—è –∑–∞–ø–∏—Ç–∞–Ω–Ω—è, –º–∏ –≥–æ—Ç–æ–≤—ñ –Ω–∞ –Ω–∏—Ö –≤—ñ–¥–ø–æ–≤—ñ—Å—Ç–∏.\n\n–ì–∞—Ä–Ω–æ–≥–æ –¥–Ω—è!\n–ó –ø–æ–≤–∞–≥–æ—é,\nHELPFUL Team",Volunteering,2022-09-29,"–¥–æ—Ä–æ–≥—ñ —É—á–∞—Å–Ω–∏–∫–∏ –≥—Ä—É–ø–∏,  —Ä–∞–¥—ñ –æ–≥–æ–ª–æ—Å–∏—Ç–∏, —â–æ –¥—Ä—É–≥–∞ —á–∞—Å—Ç–∏–Ω–∞ –≤–µ–± —Å–∞–π—Ç—É helpful –ø—Ä–æ –ø–µ—Ä–µ–±—É–≤–∞–Ω–Ω—è —É —à–≤–µ–π—Ü–∞—Ä—ñ—ó –≤–∂–µ –æ–Ω–ª–∞–π–Ω üéâ –±—É–¥—å –ª–∞—Å–∫–∞, –ø–µ—Ä–µ–≥–ª—è–Ω—å—Ç–µ –æ–ø—É–±–ª—ñ–∫–æ–≤–∞–Ω—É —ñ–Ω—Ñ–æ—Ä–º–∞—Ü—ñ—é –Ω–∞ –ø–æ–ø—É–ª—è—Ä–Ω—ñ —Ç–µ–º–∏ —Ç–∞–∫—ñ —è–∫: —Ä–æ–±–æ—Ç–∞, –æ—Å–≤—ñ—Ç–∞, –ø–æ—à—É–∫ –∂–∏—Ç–ª–∞ —Ç–∞ –≤–∏–≤—á–µ–Ω–Ω—è –º–æ–≤–∏ —Ç—É—Ç ‚û°Ô∏è   —â–æ –≤–∏ –∑–Ω–∞–π–¥–µ—Ç–µ –±–∞–≥–∞—Ç–æ –∫–æ—Ä–∏—Å–Ω–æ–≥–æ –¥–ª—è —Å–µ–±–µ, —ñ —è–∫—â–æ —É –≤–∞—Å –∑–∞–ª–∏—à–∞—Ç—å—Å—è –∑–∞–ø–∏—Ç–∞–Ω–Ω—è, –º–∏ –≥–æ—Ç–æ–≤—ñ –Ω–∞ –Ω–∏—Ö –≤—ñ–¥–ø–æ–≤—ñ—Å—Ç–∏.  –≥–∞—Ä–Ω–æ–≥–æ –¥–Ω—è! –∑ –ø–æ–≤–∞–≥–æ—é, helpful team",–≥—Ä—É–ø–∞ –¥–æ–ø–æ–º–æ–≥–∏ —à–≤–µ–π—Ü–∞—Ä—Ü—è–º —É –ø–æ—à—É–∫—É –∂–∏—Ç–ª–∞ —Ç–∞ —Ä–æ–±–æ—Ç–∏ —É —à–≤–µ–π—Ü–∞—Ä—ñ—ó –æ–≥–æ–ª–æ—Å–∏–ª–∞ –ø—Ä–æ –ø–æ—á–∞—Ç–æ–∫ —Ä–æ–±–æ—Ç–∏.
https://t.me/helpfulinfoforua,Switzerland,,,4374,61,8,"üî∏–°—Ç–∞—Ç—É—Å –∑–∞—Ö–∏—Å—Ç—É S –Ω–∞–¥–∞—î –ø—Ä–∞–≤–æ –ø—Ä–∞—Ü—é–≤–∞—Ç–∏ —É –®–≤–µ–π—Ü–∞—Ä—ñ—ó.\n\nüî∏–ù–∞ —Å–∞–π—Ç—ñ Helpful –º–∏ –∑—ñ–±—Ä–∞–ª–∏ –∫–æ—Ä–∏—Å–Ω—É —ñ–Ω—Ñ–æ—Ä–º–∞—Ü—ñ—é —â–æ–¥–æ —Ç—Ä—É–¥–æ–≤–æ—ó –¥—ñ—è–ª—å–Ω–æ—Å—Ç—ñ.\n–Ø–∫ —Å–∫–ª–∞–¥–∞—Ç–∏ —Ä–µ–∑—é–º–µ?\n–Ø–∫ –ø–∏—Å–∞—Ç–∏ –º–æ—Ç–∏–≤–∞—Ü—ñ–π–Ω–∏–π –ª–∏—Å—Ç?\n–Ø–∫ –æ—Ç—Ä–∏–º–∞—Ç–∏ –¥–æ–∑–≤—ñ–ª –Ω–∞ —Ä–æ–±–æ—Ç—É?\n–ù–∞ —Ü—ñ —Ç–∞ —ñ–Ω—à—ñ –ø–æ—à–∏—Ä–µ–Ω—ñ –ø–∏—Ç–∞–Ω–Ω—è –í–∏ –∑–Ω–∞–π–¥–µ—Ç–µ –≤—ñ–¥–ø–æ–≤—ñ–¥—ñ —É —Ä–æ–∑–¥—ñ–ª—ñ —Ä–æ–±–æ—Ç–∞.\n\nüî∏–Ø–∫—â–æ —É –≤–∞—Å –≤–∏–Ω–∏–∫–Ω—É—Ç—å –¥–æ–¥–∞—Ç–∫–æ–≤—ñ –∑–∞–ø–∏—Ç–∞–Ω–Ω—è —â–æ–¥–æ —ñ–Ω—à–∏—Ö –∞—Å–ø–µ–∫—Ç—ñ–≤ –ø–æ–≤—Å—è–∫–¥–µ–Ω–Ω–æ–≥–æ –∂–∏—Ç—Ç—è —É –®–≤–µ–π—Ü–∞—Ä—ñ—ó, –æ–∑–Ω–∞–π–æ–º—Ç–µ—Å—è –∑ —ñ–Ω—à–∏–º–∏ —Ä–æ–∑–¥—ñ–ª–∞–º–∏ –ø–ª–∞—Ç—Ñ–æ—Ä–º–∏ HELPFUL. https://helpful.redcross.ch/uk/perebuvannya/robota",Volunteering,2023-05-22,"üî∏—Å—Ç–∞—Ç—É—Å –∑–∞—Ö–∏—Å—Ç—É s –Ω–∞–¥–∞—î –ø—Ä–∞–≤–æ –ø—Ä–∞—Ü—é–≤–∞—Ç–∏ —É —à–≤–µ–π—Ü–∞—Ä—ñ—ó.  üî∏–Ω–∞ —Å–∞–π—Ç—ñ helpful –º–∏ –∑—ñ–±—Ä–∞–ª–∏ –∫–æ—Ä–∏—Å–Ω—É —ñ–Ω—Ñ–æ—Ä–º–∞—Ü—ñ—é —â–æ–¥–æ —Ç—Ä—É–¥–æ–≤–æ—ó –¥—ñ—è–ª—å–Ω–æ—Å—Ç—ñ. —è–∫ —Å–∫–ª–∞–¥–∞—Ç–∏ —Ä–µ–∑—é–º–µ? —è–∫ –ø–∏—Å–∞—Ç–∏ –º–æ—Ç–∏–≤–∞—Ü—ñ–π–Ω–∏–π –ª–∏—Å—Ç? —è–∫ –æ—Ç—Ä–∏–º–∞—Ç–∏ –¥–æ–∑–≤—ñ–ª –Ω–∞ —Ä–æ–±–æ—Ç—É? –Ω–∞ —Ü—ñ —Ç–∞ —ñ–Ω—à—ñ –ø–æ—à–∏—Ä–µ–Ω—ñ –ø–∏—Ç–∞–Ω–Ω—è –≤–∏ –∑–Ω–∞–π–¥–µ—Ç–µ –≤—ñ–¥–ø–æ–≤—ñ–¥—ñ —É —Ä–æ–∑–¥—ñ–ª—ñ —Ä–æ–±–æ—Ç–∞.  üî∏—è–∫—â–æ —É –≤–∞—Å –≤–∏–Ω–∏–∫–Ω—É—Ç—å –¥–æ–¥–∞—Ç–∫–æ–≤—ñ –∑–∞–ø–∏—Ç–∞–Ω–Ω—è —â–æ–¥–æ —ñ–Ω—à–∏—Ö –∞—Å–ø–µ–∫—Ç—ñ–≤ –ø–æ–≤—Å—è–∫–¥–µ–Ω–Ω–æ–≥–æ –∂–∏—Ç—Ç—è —É —à–≤–µ–π—Ü–∞—Ä—ñ—ó, –æ–∑–Ω–∞–π–æ–º—Ç–µ—Å—è –∑ —ñ–Ω—à–∏–º–∏ —Ä–æ–∑–¥—ñ–ª–∞–º–∏ –ø–ª–∞—Ç—Ñ–æ—Ä–º–∏ helpful.  ","—à–≤–µ–π—Ü–∞—Ä—Å—å–∫–∞ –≤–ª–∞–¥–∞ –Ω–∞–¥–∞–ª–∞ —Å—Ç–∞—Ç—É—Å –∑–∞—Ö–∏—Å—Ç—É s –¥–ª—è –ø—Ä–∞—Ü—ñ–≤–Ω–∏–∫—ñ–≤, —è–∫—ñ —Ö–æ—á—É—Ç—å –ø—Ä–∞—Ü—é–≤–∞—Ç–∏ —É —à–≤–µ–π—Ü–∞—Ä—ñ—ó."
https://t.me/ukraine_reborn,Switzerland,,,2097,60,3,"üá∫üá¶ –û–ø–∞–Ω—É–π –Ω–æ–≤—É –ø—Ä–æ—Ñ–µ—Å—ñ—é –±–µ–∑–∫–æ—à—Ç–æ–≤–Ω–æ\n\nGenius Space –≤—ñ–¥–∫—Ä–∏–≤ –≤—Å—ñ —Å–≤–æ—ó –ø—Ä–æ—Ñ–µ—Å—ñ–π–Ω—ñ –∫—É—Ä—Å–∏ –¥–ª—è —É–∫—Ä–∞—ó–Ω—Ü—ñ–≤ –±–µ–∑–∫–æ—à—Ç–æ–≤–Ω–æ ‚ö° –¥–æ 30 —á–µ—Ä–≤–Ω—è.\n\n–®–≤–∏–¥–∫–æ –æ–≤–æ–ª–æ–¥—ñ–π –≤–∏—Å–æ–∫–æ–æ–ø–ª–∞—á—É–≤–∞–Ω–æ—é –ø—Ä–æ—Ñ–µ—Å—ñ—î—é —Ç–∞ –æ—Ç—Ä–∏–º–∞–π –º–æ–∂–ª–∏–≤—ñ—Å—Ç—å –ø—Ä–∞—Ü—é–≤–∞—Ç–∏ –¥–∏—Å—Ç–∞–Ω—Ü—ñ–π–Ω–æ –≤ –∫–æ–º–ø–∞–Ω—ñ—ó –∞–±–æ —Ñ—Ä—ñ–ª–∞–Ω—Å–∏—Ç–∏ –ø–æ –≤—Å—å–æ–º—É —Å–≤—ñ—Ç—É.\n\n–î–µ—Ç–∞–ª—ñ –Ω–∞ –æ—Ñ—ñ—Ü—ñ–π–Ω–æ–º—É —Å–∞–π—Ç—ñ –∑–∞ –ø–æ—Å–∏–ª–∞–Ω–Ω—è–º\nhttps://events.genius.space/free?fbclid=IwAR06xELjk5w0RDlcflxIbhwemMqtRsPX4OKGNYSMtqbFXAR3CpVQr6lofz0\n\n‚úÖ –©–æ–± –ø–µ—Ä—à–∏–º –¥—ñ–∑–Ω–∞–≤–∞—Ç–∏—Å—è –ø—Ä–æ –Ω–∞–±—ñ—Ä —É –≥—Ä—É–ø–∏, –Ω–∞ –∫—É—Ä—Å–∏ –∞–±–æ –º–∞–π—Å—Ç–µ—Ä-–∫–ª–∞—Å–∏, –ø—ñ–¥–ø–∏—Å—É–π—Ç–µ—Å—å –Ω–∞ –Ω–∞—à—É —Å—Ç–æ—Ä—ñ–Ω–∫—É —É —Ñ–µ–π—Å–±—É–∫ Ukraine-Reborn –∞–±–æ –Ω–∞ –∫–∞–Ω–∞–ª —É —Ç–µ–ª–µ–≥—Ä–∞–º https://t.me/ukraine_reborn",Education,2022-05-17,"üá∫üá¶ –æ–ø–∞–Ω—É–π –Ω–æ–≤—É –ø—Ä–æ—Ñ–µ—Å—ñ—é –±–µ–∑–∫–æ—à—Ç–æ–≤–Ω–æ  genius space –≤—ñ–¥–∫—Ä–∏–≤ –≤—Å—ñ —Å–≤–æ—ó –ø—Ä–æ—Ñ–µ—Å—ñ–π–Ω—ñ –∫—É—Ä—Å–∏ –¥–ª—è —É–∫—Ä–∞—ó–Ω—Ü—ñ–≤ –±–µ–∑–∫–æ—à—Ç–æ–≤–Ω–æ ‚ö° –¥–æ 30 —á–µ—Ä–≤–Ω—è.  —à–≤–∏–¥–∫–æ –æ–≤–æ–ª–æ–¥—ñ–π –≤–∏—Å–æ–∫–æ–æ–ø–ª–∞—á—É–≤–∞–Ω–æ—é –ø—Ä–æ—Ñ–µ—Å—ñ—î—é —Ç–∞ –æ—Ç—Ä–∏–º–∞–π –º–æ–∂–ª–∏–≤—ñ—Å—Ç—å –ø—Ä–∞—Ü—é–≤–∞—Ç–∏ –¥–∏—Å—Ç–∞–Ω—Ü—ñ–π–Ω–æ –≤ –∫–æ–º–ø–∞–Ω—ñ—ó –∞–±–æ —Ñ—Ä—ñ–ª–∞–Ω—Å–∏—Ç–∏ –ø–æ –≤—Å—å–æ–º—É —Å–≤—ñ—Ç—É.  –¥–µ—Ç–∞–ª—ñ –Ω–∞ –æ—Ñ—ñ—Ü—ñ–π–Ω–æ–º—É —Å–∞–π—Ç—ñ –∑–∞   —â–æ–± –ø–µ—Ä—à–∏–º –¥—ñ–∑–Ω–∞–≤–∞—Ç–∏—Å—è –ø—Ä–æ –Ω–∞–±—ñ—Ä —É –≥—Ä—É–ø–∏, –Ω–∞ –∫—É—Ä—Å–∏ –∞–±–æ –º–∞–π—Å—Ç–µ—Ä-–∫–ª–∞—Å–∏, –ø—ñ–¥–ø–∏—Å—É–π—Ç–µ—Å—å –Ω–∞ –Ω–∞—à—É —Å—Ç–æ—Ä—ñ–Ω–∫—É —É —Ñ–µ–π—Å–±—É–∫ ukraine-reborn –∞–±–æ –Ω–∞ –∫–∞–Ω–∞–ª —É —Ç–µ–ª–µ–≥—Ä–∞–º  ",genius space –≤—ñ–¥–∫—Ä–∏–≤–∞—î –¥–ª—è —É–∫—Ä–∞—ó–Ω—Ü—ñ–≤ –±–µ–∑–∫–æ—à—Ç–æ–≤–Ω—ñ –∫—É—Ä—Å–∏ –¥–ª—è –æ—Ç—Ä–∏–º–∞–Ω–Ω—è –Ω–æ–≤–∏—Ö –ø—Ä–æ—Ñ–µ—Å—ñ–π.
https://t.me/ukraine_reborn,Switzerland,,,3289,127,4,"üá∫üá¶ Boutique Ukraine, –±—É—Ç—ñ–∫ –¥–ª—è —É–∫—Ä–∞—ó–Ω—Ü—ñ–≤ —Ç–∞ –±—ñ–∂–µ–Ω—Ü—ñ–≤ (Saint-Prex, VD)\n\nBoutique Ukraine –∑–Ω–∞—Ö–æ–¥–∏—Ç—å—Å—è –º—ñ—Å—Ç—ñ Saint-Prex (–°–µ–Ω-–ü—Ä–µ) –∑–∞ –∞–¥—Ä–µ—Å–æ—é \nüìç Grand‚Äôrue 8\n\n–ì—Ä–∞—Ñ—ñ–∫ —Ä–æ–±–æ—Ç–∏: \n–°–µ—Ä–µ–¥–∞ 9:30-11:30\n–ß–µ—Ç–≤–µ—Ä–≥ 15:00-17:00\n\n–í —Ü—å–æ–º—É –±—É—Ç—ñ–∫—É –±—ñ–∂–µ–Ω—Ü—ñ –º–∞—é—Ç—å –º–æ–∂–ª–∏–≤—ñ—Å—Ç—å –±–µ–∑–∫–æ—à—Ç–æ–≤–Ω–æ –æ—Ç—Ä–∏–º–∞—Ç–∏ —Ç–µ, —â–æ —ó–º –ø–æ—Ç—Ä—ñ–±–Ω–æ. \n\n‚úÖ –ü—ñ–¥ —á–∞—Å –ø–µ—Ä—à–æ–≥–æ –≤—ñ–∑–∏—Ç—É –≤—ñ–∑—å–º—ñ—Ç—å —ñ–∑ —Å–æ–±–æ—é –ø–∞—Å–ø–æ—Ä—Ç –∞–±–æ —Å—Ç—Ä–∞—Ö–æ–≤—É –∫–∞—Ä—Ç–∫—É EVAM.",Immigration,2022-05-19,"üá∫üá¶ boutique ukraine, –±—É—Ç—ñ–∫ –¥–ª—è —É–∫—Ä–∞—ó–Ω—Ü—ñ–≤ —Ç–∞ –±—ñ–∂–µ–Ω—Ü—ñ–≤ (saint-prex, vd)  boutique ukraine –∑–Ω–∞—Ö–æ–¥–∏—Ç—å—Å—è –º—ñ—Å—Ç—ñ saint-prex (—Å–µ–Ω-–ø—Ä–µ) –∑–∞ –∞–¥—Ä–µ—Å–æ—é  üìç grand‚Äôrue 8  –≥—Ä–∞—Ñ—ñ–∫ —Ä–æ–±–æ—Ç–∏:  —Å–µ—Ä–µ–¥–∞ 9:30-11:30 —á–µ—Ç–≤–µ—Ä–≥ 15:00-17:00  –≤ —Ü—å–æ–º—É –±—É—Ç—ñ–∫—É –±—ñ–∂–µ–Ω—Ü—ñ –º–∞—é—Ç—å –º–æ–∂–ª–∏–≤—ñ—Å—Ç—å –±–µ–∑–∫–æ—à—Ç–æ–≤–Ω–æ –æ—Ç—Ä–∏–º–∞—Ç–∏ —Ç–µ, —â–æ —ó–º –ø–æ—Ç—Ä—ñ–±–Ω–æ.   ‚úÖ –ø—ñ–¥ —á–∞—Å –ø–µ—Ä—à–æ–≥–æ –≤—ñ–∑–∏—Ç—É –≤—ñ–∑—å–º—ñ—Ç—å —ñ–∑ —Å–æ–±–æ—é –ø–∞—Å–ø–æ—Ä—Ç –∞–±–æ —Å—Ç—Ä–∞—Ö–æ–≤—É –∫–∞—Ä—Ç–∫—É evam.",—É —Ñ—Ä–∞–Ω—Ü—É–∑—å–∫–æ–º—É –º—ñ—Å—Ç—ñ —Å–µ–Ω-–ø—Ä–µx –≤—ñ–¥–∫—Ä–∏–ª–∏ –±—É—Ç—ñ–∫ –¥–ª—è —É–∫—Ä–∞—ó–Ω—Ü—ñ–≤ —Ç–∞ –±—ñ–∂–µ–Ω—Ü—ñ–≤.
https://t.me/ukraine_reborn,Switzerland,,,2805,80,0,"üá∫üá¶ –ú–µ–¥–∏—á–Ω–∞ –∫–æ–Ω—Å—É–ª—å—Ç–∞—Ü—ñ—è –∑–∞ —Ç–µ–ª–µ—Ñ–æ–Ω–æ–º —É–∫—Ä–∞—ó–Ω—Å—å–∫–æ—é —Ç–∞ —Ä–æ—Å—ñ–π—Å—å–∫–æ—é 058 387 77 20\nhttps://www.24heures.ch/teleconsultation-medicale-gratuite-pour-les-ukrainiens-479217538754\n\n‚úÖ –©–æ–± –ø–µ—Ä—à–∏–º –¥—ñ–∑–Ω–∞–≤–∞—Ç–∏—Å—è –ø—Ä–æ –Ω–∞–±—ñ—Ä —É –≥—Ä—É–ø–∏, –Ω–∞ –∫—É—Ä—Å–∏ –∞–±–æ –º–∞–π—Å—Ç–µ—Ä-–∫–ª–∞—Å–∏, –ø—ñ–¥–ø–∏—Å—É–π—Ç–µ—Å—å –Ω–∞ –Ω–∞—à—É —Å—Ç–æ—Ä—ñ–Ω–∫—É —É Facebook\nhttps://www.facebook.com/ukraine.reborn.ch/ \n–∞–±–æ –Ω–∞ –∫–∞–Ω–∞–ª —É telegram https://t.me/ukraine_reborn\n\n#ukraine_reborn_—Ä–µ–∫–æ–º–µ–Ω–¥—É—î\n#ukraine_reborn",Education,2022-05-29,"üá∫üá¶ –º–µ–¥–∏—á–Ω–∞ –∫–æ–Ω—Å—É–ª—å—Ç–∞—Ü—ñ—è –∑–∞ —Ç–µ–ª–µ—Ñ–æ–Ω–æ–º —É–∫—Ä–∞—ó–Ω—Å—å–∫–æ—é —Ç–∞ —Ä–æ—Å—ñ–π—Å—å–∫–æ—é 058 387 77   —â–æ–± –ø–µ—Ä—à–∏–º –¥—ñ–∑–Ω–∞–≤–∞—Ç–∏—Å—è –ø—Ä–æ –Ω–∞–±—ñ—Ä —É –≥—Ä—É–ø–∏, –Ω–∞ –∫—É—Ä—Å–∏ –∞–±–æ –º–∞–π—Å—Ç–µ—Ä-–∫–ª–∞—Å–∏, –ø—ñ–¥–ø–∏—Å—É–π—Ç–µ—Å—å –Ω–∞ –Ω–∞—à—É —Å—Ç–æ—Ä—ñ–Ω–∫—É —É    –∞–±–æ –Ω–∞ –∫–∞–Ω–∞–ª —É telegram  ","—É –∫–∏—ó–≤—Å—å–∫—ñ–π –æ–±–ª–∞—Å–Ω—ñ–π –¥–∏—Ç—è—á—ñ–π –ª—ñ–∫–∞—Ä–Ω—ñ ¬´–∞–∫–∞–¥–µ–º—ñ–∫ –≤–µ—Ä–Ω–∞–¥—Å—å–∫–∏–π¬ª –∑ 1 —Å—ñ—á–Ω—è 2020 —Ä–æ–∫—É –≤—ñ–¥–∫—Ä–∏—é—Ç—å –¥–ª—è –æ—Å—ñ–±, —è–∫—ñ –Ω–µ –º–æ–∂—É—Ç—å —Å–∞–º–æ—Å—Ç—ñ–π–Ω–æ –≤–∏–π—Ç–∏ –Ω–∞ –∫—É—Ä—Å–∏."
https://t.me/ukraine_reborn,Switzerland,,,2803,54,0,"üá∫üá¶ –ü—ñ–∫–Ω—ñ–∫. –£–∫—Ä–∞—ó–Ω—Å—å–∫–∏–π –±–æ—Ä—â (–ñ–µ–Ω–µ–≤–∞)\n\n–ê—Å–æ—Ü—ñ–∞—Ü—ñ—è ""–£–∫—Ä–∞—ó–Ω–∫–∏ –®–≤–µ–π—Ü–∞—Ä—ñ—ó"" –∑–∞–ø—Ä–æ—à—É—î 11 —á–µ—Ä–≤–Ω—è –Ω–∞ –ø—Ä–∏—Ä–æ–¥—É, —ñ, —è–∫ –≤–∂–µ —Ç—Ä–∞–¥–∏—Ü—ñ–π–Ω–æ —Å–∫–ª–∞–¥–∞—î—Ç—å—Å—è —â–æ—á–µ—Ä–≤–Ω—è, –±—É–¥–µ–º–æ —Ä–∞–∑–æ–º –≥–æ—Ç—É–≤–∞—Ç–∏ —É–∫—Ä–∞—ó–Ω—Å—å–∫–∏–π –±–æ—Ä—â —É –∫–∞–∑–∞–Ω–∫—É.\n\n–¶—å–æ–≥–æ—Ä—ñ—á –ª—é—Ç–∏–π –¥–ª—è —É–∫—Ä–∞—ó–Ω—Ü—ñ–≤ –∑–∞—Ç—è–≥–Ω—É–≤—Å—è, –≤–∂–µ –ª—ñ—Ç–æ –Ω–∞–¥–≤–æ—Ä—ñ, –∞–ª–µ –º–∏ –ø–æ–¥—É–º–∫–∏ –π —Å–µ—Ä—Ü–µ–º —Ç–∞–º - —É –ª—é—Ç–æ–º—É —Ç–∞ –≤—ñ–π–Ω—ñ. \n–ù–∞—à–∞ –∑—É—Å—Ç—Ä—ñ—á —Å—Ç–∞–≤–∏—Ç—å –∑–∞ –º–µ—Ç—É: –∑—É—Å—Ç—Ä—ñ—Ç–∏—Å—è –∑—ñ —Å—Ç–∞—Ä–∏–º–∏ –¥—Ä—É–∑—è–º–∏ –∑ –¥—ñ–∞—Å–ø–æ—Ä–∏, –ø–æ–∑–Ω–∞–π–æ–º–∏—Ç–∏—Å—è –∑ –Ω–æ–≤–∏–º–∏ –ª—é–¥—å–º–∏, –Ω–∞–≥—É–ª—è—Ç–∏—Å—è –Ω–∞ —Å–≤—ñ–∂–æ–º—É –ø–æ–≤—ñ—Ç—Ä—ñ, —Ä–∞–∑–æ–º –∑–≤–∞—Ä–∏—Ç–∏ #–±–æ—Ä—â–Ω–∞—à —Ç–∞ –∑ –∞–ø–µ—Ç–∏—Ç–æ–º –π–æ–≥–æ –∑'—ó—Å—Ç–∏. \n\n‚è∞ –ö–æ–ª–∏: 11 —á–µ—Ä–≤–Ω—è 2022 —Ä–æ–∫—É, 15:00\n–î–µ: –ø—ñ–∫–Ω—ñ–∫-–∑–æ–Ω–∞ –∑—ñ —Å—Ç–æ–ª–∞–º–∏\n üìç Vallon de l'Allondon (–ñ–µ–Ω–µ–≤–∞)\n–†–µ—î—Å—Ç—Ä–∞—Ü—ñ—è —É—á–∞—Å–Ω–∏–∫—ñ–≤ –æ–±–æ–≤'—è–∑–∫–æ–≤–∞\nhttps://docs.google.com/forms/d/1bl8J5bwCFL2_uOkBtOGZJofJ2boLbeAeJ60aZhb73hc/viewform?edit_requested=true\n\n–ú–æ–∂–Ω–∞ –ø—Ä–∏–Ω–æ—Å–∏—Ç–∏ –Ω–∞–ø–æ—ó —Ç–∞ –∑–∞–∫—É—Å–∫—É –¥–æ –±–æ—Ä—â—É. \n\n‚úÖ –©–æ–± –ø–µ—Ä—à–∏–º –æ—Ç—Ä–∏–º—É–≤–∞—Ç–∏ –∫–æ—Ä–∏—Å–Ω—É —ñ–Ω—Ñ–æ—Ä–º–∞—Ü—ñ—é –ø—ñ–¥–ø–∏—Å—É–π—Ç–µ—Å—å –Ω–∞ –Ω–∞—à—É —Å—Ç–æ—Ä—ñ–Ω–∫—É —É Facebook\nhttps://www.facebook.com/ukraine.reborn.ch/ \n–∞–±–æ –Ω–∞ –∫–∞–Ω–∞–ª —É telegram https://t.me/ukraine_reborn\n\n#ukraine_reborn_—Ä–µ–∫–æ–º–µ–Ω–¥—É—î\n#ukraine_reborn",Education,2022-06-07,"üá∫üá¶ –ø—ñ–∫–Ω—ñ–∫. —É–∫—Ä–∞—ó–Ω—Å—å–∫–∏–π –±–æ—Ä—â (–∂–µ–Ω–µ–≤–∞)  –∞—Å–æ—Ü—ñ–∞—Ü—ñ—è ""—É–∫—Ä–∞—ó–Ω–∫–∏ —à–≤–µ–π—Ü–∞—Ä—ñ—ó"" –∑–∞–ø—Ä–æ—à—É—î 11 —á–µ—Ä–≤–Ω—è –Ω–∞ –ø—Ä–∏—Ä–æ–¥—É, —ñ, —è–∫ –≤–∂–µ —Ç—Ä–∞–¥–∏—Ü—ñ–π–Ω–æ —Å–∫–ª–∞–¥–∞—î—Ç—å—Å—è —â–æ—á–µ—Ä–≤–Ω—è, –±—É–¥–µ–º–æ —Ä–∞–∑–æ–º –≥–æ—Ç—É–≤–∞—Ç–∏ —É–∫—Ä–∞—ó–Ω—Å—å–∫–∏–π –±–æ—Ä—â —É –∫–∞–∑–∞–Ω–∫—É.  —Ü—å–æ–≥–æ—Ä—ñ—á –ª—é—Ç–∏–π –¥–ª—è —É–∫—Ä–∞—ó–Ω—Ü—ñ–≤ –∑–∞—Ç—è–≥–Ω—É–≤—Å—è, –≤–∂–µ –ª—ñ—Ç–æ –Ω–∞–¥–≤–æ—Ä—ñ, –∞–ª–µ –º–∏ –ø–æ–¥—É–º–∫–∏ –π —Å–µ—Ä—Ü–µ–º —Ç–∞–º - —É –ª—é—Ç–æ–º—É —Ç–∞ –≤—ñ–π–Ω—ñ.  –Ω–∞—à–∞ –∑—É—Å—Ç—Ä—ñ—á —Å—Ç–∞–≤–∏—Ç—å –∑–∞ –º–µ—Ç—É: –∑—É—Å—Ç—Ä—ñ—Ç–∏—Å—è –∑—ñ —Å—Ç–∞—Ä–∏–º–∏ –¥—Ä—É–∑—è–º–∏ –∑ –¥—ñ–∞—Å–ø–æ—Ä–∏, –ø–æ–∑–Ω–∞–π–æ–º–∏—Ç–∏—Å—è –∑ –Ω–æ–≤–∏–º–∏ –ª—é–¥—å–º–∏, –Ω–∞–≥—É–ª—è—Ç–∏—Å—è –Ω–∞ —Å–≤—ñ–∂–æ–º—É –ø–æ–≤—ñ—Ç—Ä—ñ, —Ä–∞–∑–æ–º –∑–≤–∞—Ä–∏—Ç–∏  –±–æ—Ä—â–Ω–∞—à —Ç–∞ –∑ –∞–ø–µ—Ç–∏—Ç–æ–º –π–æ–≥–æ –∑'—ó—Å—Ç–∏.   ‚è∞ –∫–æ–ª–∏: 11 —á–µ—Ä–≤–Ω—è 2022 —Ä–æ–∫—É, 15:00 –¥–µ: –ø—ñ–∫–Ω—ñ–∫-–∑–æ–Ω–∞ –∑—ñ —Å—Ç–æ–ª–∞–º–∏  üìç vallon de l'allondon (–∂–µ–Ω–µ–≤–∞) —Ä–µ—î—Å—Ç—Ä–∞—Ü—ñ—è —É—á–∞—Å–Ω–∏–∫—ñ–≤   –ø—Ä–∏–Ω–æ—Å–∏—Ç–∏ –Ω–∞–ø–æ—ó —Ç–∞ –∑–∞–∫—É—Å–∫—É –¥–æ –±–æ—Ä—â—É.   ‚úÖ —â–æ–± –ø–µ—Ä—à–∏–º –æ—Ç—Ä–∏–º—É–≤–∞—Ç–∏ –∫–æ—Ä–∏—Å–Ω—É —ñ–Ω—Ñ–æ—Ä–º–∞—Ü—ñ—é –ø—ñ–¥–ø–∏—Å—É–π—Ç–µ—Å—å –Ω–∞ –Ω–∞—à—É —Å—Ç–æ—Ä—ñ–Ω–∫—É —É    –∞–±–æ –Ω–∞ –∫–∞–Ω–∞–ª —É telegram  ",—É —à–≤–µ–π—Ü–∞—Ä—ñ—ó 11 —á–µ—Ä–≤–Ω—è –∞—Å–æ—Ü—ñ–∞—Ü—ñ—è ¬´—É–∫—Ä–∞—ó–Ω–∫–∏ —à–≤–µ–π—Ü–∞—Ä—ñ—ó¬ª –ø—Ä–æ–≤–µ–¥–µ –ø—ñ–∫–Ω—ñ–∫ –∑ —É–∫—Ä–∞—ó–Ω—Å—å–∫–∏–º –±–æ—Ä—â–µ–º —É –∫–∞–∑–∞–Ω–∫—É.
https://t.me/ukraine_reborn,Switzerland,,,5307,38,5,"üá∫üá¶ –•—É–¥–æ–∂–Ω—ñ –º–∞–π—Å—Ç–µ—Ä –∫–ª–∞—Å–∏ –¥–ª—è –¥–æ—Ä–æ—Å–ª–∏—Ö —Ç–∞ –¥—ñ—Ç–µ–π –≤—ñ–¥ 7 —Ä–æ–∫—ñ–≤\n\n–£ –ø—Ä–æ–≥—Ä–∞–º—ñ –∂–∏–≤–æ–ø–∏—Å –∞–∫–≤–∞—Ä–µ–ª–ª—é, –º–∞–π—Å—Ç–µ—Ä-–∫–ª–∞—Å–∏ –∞–∫—Ä–∏–ª–æ–º —Ç–∞ –º–∞—Å–ª–æ–º, —Ä–æ–∑–ø–∏—Å —à–æ–ø–µ—Ä—ñ–≤, –±–æ—Ç–∞–Ω—ñ—á–Ω–∞ —ñ–ª—é—Å—Ç—Ä–∞—Ü—ñ—è, –ø–ª–µ–Ω–µ—Ä–∏ —Ç–∞ –±–∞–≥–∞—Ç–æ —ñ–Ω—à–æ–≥–æ.\n\n–ì—Ä—É–ø–∞ –±–µ–∑–∫–æ—à—Ç–æ–≤–Ω–∞ –¥–ª—è —Ç–∏–º—á–∞—Å–æ–≤–æ –ø–µ—Ä–µ–º—ñ—â–µ–Ω–∏—Ö —É–∫—Ä–∞—ó–Ω—Ü—ñ–≤.\n\n–ö—ñ–ª—å–∫—ñ—Å—Ç—å –º—ñ—Å—Ü—å —É –≥—Ä—É–ø—ñ: 7.\n\n–ó–∞–Ω—è—Ç—Ç—è –ø—Ä–æ—Ö–æ–¥–∏—Ç–∏–º—É—Ç—å –ø–æ –ø'—è—Ç–Ω–∏—Ü—è—Ö –∑ 12:00 –¥–æ 15:00. \n\n–ü–µ—Ä—à–µ –∑–∞–Ω—è—Ç—Ç—è –≤–∂–µ 6 —Ç—Ä–∞–≤–Ω—è.\n \n–†–µ—î—Å—Ç—Ä–∞—Ü—ñ—è –∑–∞ –ø–æ—Å–∏–ª–∞–Ω–Ω—è–º –æ–±–æ–≤‚Äò—è–∑–∫–æ–≤–∞ \nhttps://forms.gle/GakdoJnTF8MwSxhc7\n\n–ê–¥—Ä–µ—Å–∞: —Ü–µ–Ω—Ç—Ä GE Care Ukraine, rue de Montbrillant 52, Gen√®ve. \n\n(Google maps: https://goo.gl/maps/zKCKnWMxftiuNeC79).\n\n‚úÖ –©–æ–± –ø–µ—Ä—à–∏–º –¥—ñ–∑–Ω–∞–≤–∞—Ç–∏—Å—è –ø—Ä–æ –Ω–∞–±—ñ—Ä —É –≥—Ä—É–ø–∏, –Ω–∞ –∫—É—Ä—Å–∏ –∞–±–æ –º–∞–π—Å—Ç–µ—Ä-–∫–ª–∞—Å–∏, –ø—ñ–¥–ø–∏—Å—É–π—Ç–µ—Å—å –Ω–∞ –Ω–∞—à—É —Å—Ç–æ—Ä—ñ–Ω–∫—É —É —Ñ–µ–π—Å–±—É–∫ Ukraine-Reborn –∞–±–æ –Ω–∞ –∫–∞–Ω–∞–ª —É —Ç–µ–ª–µ–≥—Ä–∞–º https://t.me/ukraine_reborn",Education,2022-05-04,"üá∫üá¶ —Ö—É–¥–æ–∂–Ω—ñ –º–∞–π—Å—Ç–µ—Ä –∫–ª–∞—Å–∏ –¥–ª—è –¥–æ—Ä–æ—Å–ª–∏—Ö —Ç–∞ –¥—ñ—Ç–µ–π –≤—ñ–¥ 7 —Ä–æ–∫—ñ–≤  —É –ø—Ä–æ–≥—Ä–∞–º—ñ –∂–∏–≤–æ–ø–∏—Å –∞–∫–≤–∞—Ä–µ–ª–ª—é, –º–∞–π—Å—Ç–µ—Ä-–∫–ª–∞—Å–∏ –∞–∫—Ä–∏–ª–æ–º —Ç–∞ –º–∞—Å–ª–æ–º, —Ä–æ–∑–ø–∏—Å —à–æ–ø–µ—Ä—ñ–≤, –±–æ—Ç–∞–Ω—ñ—á–Ω–∞ —ñ–ª—é—Å—Ç—Ä–∞—Ü—ñ—è, –ø–ª–µ–Ω–µ—Ä–∏ —Ç–∞ –±–∞–≥–∞—Ç–æ —ñ–Ω—à–æ–≥–æ.  –≥—Ä—É–ø–∞ –±–µ–∑–∫–æ—à—Ç–æ–≤–Ω–∞ –¥–ª—è —Ç–∏–º—á–∞—Å–æ–≤–æ –ø–µ—Ä–µ–º—ñ—â–µ–Ω–∏—Ö —É–∫—Ä–∞—ó–Ω—Ü—ñ–≤.  –∫—ñ–ª—å–∫—ñ—Å—Ç—å –º—ñ—Å—Ü—å —É –≥—Ä—É–ø—ñ: 7.  –∑–∞–Ω—è—Ç—Ç—è –ø—Ä–æ—Ö–æ–¥–∏—Ç–∏–º—É—Ç—å –ø–æ –ø'—è—Ç–Ω–∏—Ü—è—Ö –∑ 12:00 –¥–æ 15:00.   –ø–µ—Ä—à–µ –∑–∞–Ω—è—Ç—Ç—è –≤–∂–µ 6 —Ç—Ä–∞–≤–Ω—è.   —Ä–µ—î—Å—Ç—Ä–∞—Ü—ñ—è –∑–∞ –ø–æ—Å–∏–ª–∞–Ω–Ω—è–º –æ–±–æ–≤‚Äò—è–∑–∫–æ–≤–∞   —Ü–µ–Ω—Ç—Ä ge care ukraine, rue de montbrillant 52, gen√®ve.   (google maps:   —â–æ–± –ø–µ—Ä—à–∏–º –¥—ñ–∑–Ω–∞–≤–∞—Ç–∏—Å—è –ø—Ä–æ –Ω–∞–±—ñ—Ä —É –≥—Ä—É–ø–∏, –Ω–∞ –∫—É—Ä—Å–∏ –∞–±–æ –º–∞–π—Å—Ç–µ—Ä-–∫–ª–∞—Å–∏, –ø—ñ–¥–ø–∏—Å—É–π—Ç–µ—Å—å –Ω–∞ –Ω–∞—à—É —Å—Ç–æ—Ä—ñ–Ω–∫—É —É —Ñ–µ–π—Å–±—É–∫ ukraine-reborn –∞–±–æ –Ω–∞ –∫–∞–Ω–∞–ª —É —Ç–µ–ª–µ–≥—Ä–∞–º  ",—É –Ω—ñ–º–µ—Ü—å–∫–æ–º—É –º—ñ—Å—Ç—ñ –≥–µ–Ω—î–≤—ñ –≤—ñ–¥–∫—Ä–∏–ª–∏ —Ö—É–¥–æ–∂–Ω—é –≥—Ä—É–ø—É –¥–ª—è –¥–æ—Ä–æ—Å–ª–∏—Ö —Ç–∞ –¥—ñ—Ç–µ–π –≤—ñ–¥ 7 —Ä–æ–∫—ñ–≤.
https://t.me/ukraine_reborn,Switzerland,,,4659,61,11,"üá∫üá¶ –ó–∞–ø–∏—Å –Ω–∞ –ª—ñ—Ç–Ω—ñ –∑–∞—Ö–æ–¥–∏ Passeport vacances \n\n–ú–∏ —Ö–æ—á–µ–º–æ –ø–æ–¥–∞—Ä—É–≤–∞—Ç–∏ –º–æ–∂–ª–∏–≤—ñ—Å—Ç—å —É–∫—Ä–∞—ó–Ω—Å—å–∫–∏–º –¥—ñ—Ç—è–º –ø—Ä–∏–π–Ω—è—Ç–∏ —É—á–∞—Å—Ç—å —É –≤–µ—Å–µ–ª–∏—Ö, —Å–ø–æ—Ä—Ç–∏–≤–Ω–∏—Ö —Ç–∞ –ø–æ–≤—á–∞–ª—å–Ω–∏—Ö –∑–∞—Ö–æ–¥–∞—Ö –ø—ñ–¥ —á–∞—Å –ª—ñ—Ç–Ω—ñ—Ö –∫–∞–Ω—ñ–∫—É–ª. –ú–∏ –≤—ñ—Ä–∏–º–æ, —â–æ —Ü–µ –¥–∞—Å—Ç—å –¥—ñ—Ç–æ—á–∫–∞–º –º–æ–∂–ª–∏–≤—ñ—Å—Ç—å –∑—É—Å—Ç—Ä—ñ—Ç–∏—Å—è –∑ –Ω–æ–≤–∏–º–∏ –¥—Ä—É–∑—è–º–∏ —ó—Ö–Ω—å–æ–≥–æ –≤—ñ–∫—É, —Ç–∞ —à–≤–∏–¥—à–µ –∞–¥–∞–ø—Ç—É–≤–∞—Ç–∏—Å—è —Ç–∞ —ñ–Ω—Ç–µ–≥—Ä—É–≤–∞—Ç–∏—Å—è –¥–æ —à–≤–µ–π—Ü–∞—Ä—Å—å–∫–æ—ó –∫—É–ª—å—Ç—É—Ä–∏. –ú–∏ —Ç–∞–∫–æ–∂ –º–∞—Ç–∏–º–µ–º–æ —Å–ø–æ–Ω—Å–æ—Ä—ñ–≤, —è–∫—ñ –∑–∞–±–µ–∑–ø–µ—á–∞—Ç—å –±–µ–∑–∫–æ—à—Ç–æ–≤–Ω—ñ—Å—Ç—å —Ü–∏—Ö –∑–∞—Ö–æ–¥—ñ–≤.\n\n–í—ñ–∫ —É—á–∞—Å—Ç–Ω–∏–∫—ñ–≤ –¥–ª—è –±—ñ–ª—å—à–æ—Å—Ç—ñ –∫–æ–º—É–Ω –≤—ñ–¥ 8 –¥–æ 15 —Ä–æ–∫—ñ–≤.\n–î–ª—è –º–µ—à–∫–∞–Ω—Ü—ñ–≤ –∫–∞–Ω—Ç–æ–Ω—ñ–≤ –í–æ —Ç–∞ –§—Ä—ñ–±—É—Ä–≥\n\n–ú–∏ –ø–ª–∞–Ω—É—î–º–æ –ø—Ä–∏–¥–±–∞—Ç–∏ —Ç–∞ –∑–∞–ø—Ä–æ–ø–æ–Ω—É–≤–∞—Ç–∏ —É–∫—Ä–∞—ó–Ω—Å—å–∫–∏–º –¥—ñ—Ç—è–º —Ä–æ–∑—Ä–æ–±–ª–µ–Ω—ñ —à–≤–µ–π—Ü–∞—Ä—Å—å–∫–∏–º–∏ –∫–∞–Ω—Ç–æ–Ω–∞–º–∏ —ñ –∫–æ–º–º—É–Ω–∞–º–∏ ¬´–≤—ñ–¥–ø—É—Å–∫–Ω—ñ –ø–∞—Å–ø–æ—Ä—Ç–∏¬ª (Holiday Passport). –¶–µ –ø—Ä–æ–≥—Ä–∞–º–∞, —è–∫–∞ –ø—Ä–æ–ø–æ–Ω—É—î –¥—ñ—Ç—è–º —Ä—ñ–∑–Ω—ñ –∑–∞–Ω—è—Ç—Ç—è –ø—ñ–¥ —á–∞—Å 2—Ö —Ç–∏–∂–Ω—ñ–≤, –Ω–∞–ø—Ä–∏–∫–ª–∞–¥, –≤—ñ–¥–∫—Ä–∏—Ç—Ç—è –ø—Ä–æ—Ñ–µ—Å—ñ–π, —Å–ø–æ—Ä—Ç—É, —Ä–æ–∑–≤–∞–≥ —É —Ä–µ–≥—ñ–æ–Ω—ñ, –¥–µ –≤–æ–Ω–∏ –ø—Ä–æ–∂–∏–≤–∞—é—Ç—å. –ü–∞—Å–ø–æ—Ä—Ç, —è–∫–∏–π –¥–∏—Ç–∏–Ω–∞ –æ—Ç—Ä–∏–º–∞—î –±–µ–∑–∫–æ—à—Ç–æ–≤–Ω–æ, –¥–æ–∑–≤–æ–ª–∏—Ç—å —ó–π –≤–∏–±—Ä–∞—Ç–∏ –¥–æ 5-6—Ç–∏ –∑–∞—Ö–æ–¥—ñ–≤ –∑ –±—ñ–ª—å—à –Ω—ñ–∂ 100 –¥–æ—Å—Ç—É–ø–Ω–∏—Ö —É —Å–ø–∏—Å–∫—É –∑–∞—Ö–æ–¥—ñ–≤ —è–∫—ñ –≤—ñ–¥–ø–æ–≤—ñ–¥–∞—é—Ç—å —ó—ó —ñ–Ω—Ç–µ—Ä–µ—Å–∞–º —ñ –ø–æ—Ç—Ä–µ–±–∞–º, + –∞–±–æ–Ω–µ–º–µ–Ω—Ç –Ω–∞ 2 —Ç–∏–∂–Ω—ñ –≤ –±–∞—Å–µ–π–Ω —ñ 2-3 –∫–≤–∏—Ç–∫–∞ —É –∫—ñ–Ω–æ (–∑–∞–ª–µ–∂–∏—Ç—å –≤—ñ–¥ –∫–æ–º—É–Ω–∏).  \n\n–•–æ—Ä–æ—à–æ—é –Ω–æ–≤–∏–Ω–æ—é —î —Ç–µ, —â–æ —É–∫—Ä–∞—ó–Ω—Å—å–∫—ñ –¥—ñ—Ç–∏ –±—Ä–∞—Ç–∏–º—É—Ç—å —É—á–∞—Å—Ç—å —É —Ü–∏—Ö –∑–∞—Ö–æ–¥–∞—Ö —Ä–∞–∑–æ–º –∑—ñ —à–≤–µ–π—Ü–∞—Ä—Å—å–∫–∏–º–∏ –¥—ñ—Ç—å–º–∏, —â–æ –¥–æ–∑–≤–æ–ª—è—î —à–≤–∏–¥—à–µ —ñ–Ω—Ç–µ–≥—Ä—É–≤–∞—Ç–∏—Å—è —É —à–≤–µ–π—Ü–∞—Ä—Å—å–∫—É –∫—É–ª—å—Ç—É—Ä—É —Ç–∞ –ø–æ–∫—Ä–∞—â–∏—Ç–∏ –º–æ–≤—É.\n–ù–∞–∂–∞–ª—å –º–∏ –Ω–µ –º–æ–∂–µ–º–æ –≥–∞—Ä–∞–Ω—Ç—É–≤–∞—Ç–∏, —á–∏ –≤—Å—ñ —Ñ—Ä–∞–Ω–∫–æ–º–æ–≤–Ω—ñ –∫–∞–Ω—Ç–æ–Ω–∏ —Ç–∞ –∫–æ–º—É–Ω–∏ –ø—Ä–æ–¥–∞–≤–∞—Ç–∏–º—É—Ç—å ¬´–≤—ñ–¥–ø—É—Å–∫–Ω—ñ –ø–∞—Å–ø–æ—Ä—Ç–∏¬ª, –æ—Å–∫—ñ–ª—å–∫–∏ –∑–∞ –æ—Å—Ç–∞–Ω–Ω—ñ 2 —Ä–æ–∫–∏ —ó—Ö –Ω–µ –±—É–ª–æ —á–µ—Ä–µ–∑ Covid. (–Ø–∫ –ø—Ä–∞–≤–∏–ª–æ, –ª–∏—à–µ –¥—ñ—Ç–∏ –≤ –º–µ–∂–∞—Ö –∫–æ–º—É–Ω–∏ –º–∞—é—Ç—å –ø—Ä–∞–≤–æ –±—Ä–∞—Ç–∏ —É—á–∞—Å—Ç—å —É –∑–∞—Ö–æ–¥–∞—Ö –≤—ñ–¥ –æ—Ç—Ä–∏–º–∞–Ω–∏—Ö –≤—ñ–¥–ø—É—Å–∫–Ω–∏—Ö –ø–∞—Å–ø–æ—Ä—Ç—ñ–≤.)\n\n–û—Å–∫—ñ–ª—å–∫–∏ –∫—ñ–ª—å–∫—ñ—Å—Ç—å –ø–∞—Å–ø–æ—Ä—Ç—ñ–≤, —è–∫—ñ –º–∏ –∑–º–æ–∂–µ–º–æ –∑–∞–ø—Ä–æ–ø–æ–Ω—É–≤–∞—Ç–∏, –æ–±–º–µ–∂–µ–Ω–∞, –ø—Ä–æ—Å–∏–º–æ –≤—ñ–¥–ø—Ä–∞–≤–∏—Ç–∏ –Ω–∞–º –Ω–µ–æ–±—Ö—ñ–¥–Ω—É —ñ–Ω—Ñ–æ—Ä–º–∞—Ü—ñ—é –¥–æ 23.05, —â–æ–± –∑–∞–±—Ä–æ–Ω—é–≤–∞—Ç–∏ –º—ñ—Å—Ü–µ.\n\n–Ø–∫—â–æ –≤–∏, —è–∫ –±–∞—Ç—å–∫–∏, –∑–∞—Ü—ñ–∫–∞–≤–ª–µ–Ω—ñ, –∑–∞–ø–æ–≤–Ω—ñ—Ç—å –Ω–∞—Å—Ç—É–ø–Ω—É —ñ–Ω—Ñ–æ—Ä–º–∞—Ü—ñ—é https://forms.gle/xwqnReRJbdjzowet6",Education,2022-05-20,"üá∫üá¶ –∑–∞–ø–∏—Å –Ω–∞ –ª—ñ—Ç–Ω—ñ –∑–∞—Ö–æ–¥–∏ passeport vacances   –º–∏ —Ö–æ—á–µ–º–æ –ø–æ–¥–∞—Ä—É–≤–∞—Ç–∏ –º–æ–∂–ª–∏–≤—ñ—Å—Ç—å —É–∫—Ä–∞—ó–Ω—Å—å–∫–∏–º –¥—ñ—Ç—è–º –ø—Ä–∏–π–Ω—è—Ç–∏ —É—á–∞—Å—Ç—å —É –≤–µ—Å–µ–ª–∏—Ö, —Å–ø–æ—Ä—Ç–∏–≤–Ω–∏—Ö —Ç–∞ –ø–æ–≤—á–∞–ª—å–Ω–∏—Ö –∑–∞—Ö–æ–¥–∞—Ö –ø—ñ–¥ —á–∞—Å –ª—ñ—Ç–Ω—ñ—Ö –∫–∞–Ω—ñ–∫—É–ª. –º–∏ –≤—ñ—Ä–∏–º–æ, —â–æ —Ü–µ –¥–∞—Å—Ç—å –¥—ñ—Ç–æ—á–∫–∞–º –º–æ–∂–ª–∏–≤—ñ—Å—Ç—å –∑—É—Å—Ç—Ä—ñ—Ç–∏—Å—è –∑ –Ω–æ–≤–∏–º–∏ –¥—Ä—É–∑—è–º–∏ —ó—Ö–Ω—å–æ–≥–æ –≤—ñ–∫—É, —Ç–∞ —à–≤–∏–¥—à–µ –∞–¥–∞–ø—Ç—É–≤–∞—Ç–∏—Å—è —Ç–∞ —ñ–Ω—Ç–µ–≥—Ä—É–≤–∞—Ç–∏—Å—è –¥–æ —à–≤–µ–π—Ü–∞—Ä—Å—å–∫–æ—ó –∫—É–ª—å—Ç—É—Ä–∏. –º–∏ —Ç–∞–∫–æ–∂ –º–∞—Ç–∏–º–µ–º–æ —Å–ø–æ–Ω—Å–æ—Ä—ñ–≤, —è–∫—ñ –∑–∞–±–µ–∑–ø–µ—á–∞—Ç—å –±–µ–∑–∫–æ—à—Ç–æ–≤–Ω—ñ—Å—Ç—å —Ü–∏—Ö –∑–∞—Ö–æ–¥—ñ–≤.  –≤—ñ–∫ —É—á–∞—Å—Ç–Ω–∏–∫—ñ–≤ –¥–ª—è –±—ñ–ª—å—à–æ—Å—Ç—ñ –∫–æ–º—É–Ω –≤—ñ–¥ 8 –¥–æ 15 —Ä–æ–∫—ñ–≤. –¥–ª—è –º–µ—à–∫–∞–Ω—Ü—ñ–≤ –∫–∞–Ω—Ç–æ–Ω—ñ–≤ –≤–æ —Ç–∞ —Ñ—Ä—ñ–±—É—Ä–≥  –º–∏ –ø–ª–∞–Ω—É—î–º–æ –ø—Ä–∏–¥–±–∞—Ç–∏ —Ç–∞ –∑–∞–ø—Ä–æ–ø–æ–Ω—É–≤–∞—Ç–∏ —É–∫—Ä–∞—ó–Ω—Å—å–∫–∏–º –¥—ñ—Ç—è–º —Ä–æ–∑—Ä–æ–±–ª–µ–Ω—ñ —à–≤–µ–π—Ü–∞—Ä—Å—å–∫–∏–º–∏ –∫–∞–Ω—Ç–æ–Ω–∞–º–∏ —ñ –∫–æ–º–º—É–Ω–∞–º–∏ ¬´–≤—ñ–¥–ø—É—Å–∫–Ω—ñ –ø–∞—Å–ø–æ—Ä—Ç–∏¬ª (holiday passport). —Ü–µ –ø—Ä–æ–≥—Ä–∞–º–∞, —è–∫–∞ –ø—Ä–æ–ø–æ–Ω—É—î –¥—ñ—Ç—è–º —Ä—ñ–∑–Ω—ñ –∑–∞–Ω—è—Ç—Ç—è –ø—ñ–¥ —á–∞—Å 2—Ö —Ç–∏–∂–Ω—ñ–≤, –Ω–∞–ø—Ä–∏–∫–ª–∞–¥, –≤—ñ–¥–∫—Ä–∏—Ç—Ç—è –ø—Ä–æ—Ñ–µ—Å—ñ–π, —Å–ø–æ—Ä—Ç—É, —Ä–æ–∑–≤–∞–≥ —É —Ä–µ–≥—ñ–æ–Ω—ñ, –¥–µ –≤–æ–Ω–∏ –ø—Ä–æ–∂–∏–≤–∞—é—Ç—å. –ø–∞—Å–ø–æ—Ä—Ç, —è–∫–∏–π –¥–∏—Ç–∏–Ω–∞ –æ—Ç—Ä–∏–º–∞—î –±–µ–∑–∫–æ—à—Ç–æ–≤–Ω–æ, –¥–æ–∑–≤–æ–ª–∏—Ç—å —ó–π –≤–∏–±—Ä–∞—Ç–∏ –¥–æ 5-6—Ç–∏ –∑–∞—Ö–æ–¥—ñ–≤ –∑ –±—ñ–ª—å—à –Ω—ñ–∂ 100 –¥–æ—Å—Ç—É–ø–Ω–∏—Ö —É —Å–ø–∏—Å–∫—É –∑–∞—Ö–æ–¥—ñ–≤ —è–∫—ñ –≤—ñ–¥–ø–æ–≤—ñ–¥–∞—é—Ç—å —ó—ó —ñ–Ω—Ç–µ—Ä–µ—Å–∞–º —ñ –ø–æ—Ç—Ä–µ–±–∞–º, + –∞–±–æ–Ω–µ–º–µ–Ω—Ç –Ω–∞ 2 —Ç–∏–∂–Ω—ñ –≤ –±–∞—Å–µ–π–Ω —ñ 2-3 –∫–≤–∏—Ç–∫–∞ —É –∫—ñ–Ω–æ (–∑–∞–ª–µ–∂–∏—Ç—å –≤—ñ–¥ –∫–æ–º—É–Ω–∏).    —Ö–æ—Ä–æ—à–æ—é –Ω–æ–≤–∏–Ω–æ—é —î —Ç–µ, —â–æ —É–∫—Ä–∞—ó–Ω—Å—å–∫—ñ –¥—ñ—Ç–∏ –±—Ä–∞—Ç–∏–º—É—Ç—å —É—á–∞—Å—Ç—å —É —Ü–∏—Ö –∑–∞—Ö–æ–¥–∞—Ö —Ä–∞–∑–æ–º –∑—ñ —à–≤–µ–π—Ü–∞—Ä—Å—å–∫–∏–º–∏ –¥—ñ—Ç—å–º–∏, —â–æ –¥–æ–∑–≤–æ–ª—è—î —à–≤–∏–¥—à–µ —ñ–Ω—Ç–µ–≥—Ä—É–≤–∞—Ç–∏—Å—è —É —à–≤–µ–π—Ü–∞—Ä—Å—å–∫—É –∫—É–ª—å—Ç—É—Ä—É —Ç–∞ –ø–æ–∫—Ä–∞—â–∏—Ç–∏ –º–æ–≤—É. –Ω–∞–∂–∞–ª—å –º–∏ –Ω–µ –º–æ–∂–µ–º–æ –≥–∞—Ä–∞–Ω—Ç—É–≤–∞—Ç–∏, —á–∏ –≤—Å—ñ —Ñ—Ä–∞–Ω–∫–æ–º–æ–≤–Ω—ñ –∫–∞–Ω—Ç–æ–Ω–∏ —Ç–∞ –∫–æ–º—É–Ω–∏ –ø—Ä–æ–¥–∞–≤–∞—Ç–∏–º—É—Ç—å ¬´–≤—ñ–¥–ø—É—Å–∫–Ω—ñ –ø–∞—Å–ø–æ—Ä—Ç–∏¬ª, –æ—Å–∫—ñ–ª—å–∫–∏ –∑–∞ –æ—Å—Ç–∞–Ω–Ω—ñ 2 —Ä–æ–∫–∏ —ó—Ö –Ω–µ –±—É–ª–æ —á–µ—Ä–µ–∑ covid. (—è–∫ –ø—Ä–∞–≤–∏–ª–æ, –ª–∏—à–µ –¥—ñ—Ç–∏ –≤ –º–µ–∂–∞—Ö –∫–æ–º—É–Ω–∏ –º–∞—é—Ç—å –ø—Ä–∞–≤–æ –±—Ä–∞—Ç–∏ —É—á–∞—Å—Ç—å —É –∑–∞—Ö–æ–¥–∞—Ö –≤—ñ–¥ –æ—Ç—Ä–∏–º–∞–Ω–∏—Ö –≤—ñ–¥–ø—É—Å–∫–Ω–∏—Ö –ø–∞—Å–ø–æ—Ä—Ç—ñ–≤.)  –æ—Å–∫—ñ–ª—å–∫–∏ –∫—ñ–ª—å–∫—ñ—Å—Ç—å –ø–∞—Å–ø–æ—Ä—Ç—ñ–≤, —è–∫—ñ –º–∏ –∑–º–æ–∂–µ–º–æ –∑–∞–ø—Ä–æ–ø–æ–Ω—É–≤–∞—Ç–∏, –æ–±–º–µ–∂–µ–Ω–∞, –ø—Ä–æ—Å–∏–º–æ –≤—ñ–¥–ø—Ä–∞–≤–∏—Ç–∏ –Ω–∞–º –Ω–µ–æ–±—Ö—ñ–¥–Ω—É —ñ–Ω—Ñ–æ—Ä–º–∞—Ü—ñ—é –¥–æ 23.05, —â–æ–± –∑–∞–±—Ä–æ–Ω—é–≤–∞—Ç–∏ –º—ñ—Å—Ü–µ.  —è–∫—â–æ –≤–∏, —è–∫ –±–∞—Ç—å–∫–∏, –∑–∞—Ü—ñ–∫–∞–≤–ª–µ–Ω—ñ, –∑–∞–ø–æ–≤–Ω—ñ—Ç—å –Ω–∞—Å—Ç—É–ø–Ω—É —ñ–Ω—Ñ–æ—Ä–º–∞—Ü—ñ—é  ",—à–≤–µ–π—Ü–∞—Ä—Å—å–∫—ñ –∫–æ–º—É–Ω–∏ —Ç–∞ –∫–∞–Ω—Ç–æ–Ω–∏ –≤–æ —Ç–∞ —Ñ—Ä—ñ–±—É—Ä–≥ –ø–ª–∞–Ω—É—é—Ç—å –±–µ–∑–∫–æ—à—Ç–æ–≤–Ω–æ –∑–∞–ø–∏—Å–∞—Ç–∏ —É–∫—Ä–∞—ó–Ω—Å—å–∫–∏—Ö –¥—ñ—Ç–µ–π –Ω–∞ –ª—ñ—Ç–Ω—ñ –∑–∞—Ö–æ–¥–∏ –ø—ñ–¥ —á–∞—Å –ª—ñ—Ç–Ω—ñ—Ö –∫–∞–Ω—ñ–∫—É–ª.
https://t.me/ukraine_reborn,Switzerland,,,2407,43,0,"üá∫üá¶ –ë–ª–∞–≥–æ–¥—ñ–π–Ω–∏–π –§—É—Ç–±–æ–ª—å–Ω–∏–π –º–∞—Ç—á –º—ñ–∂ ¬´–õ–æ–∑–∞–Ω–Ω–∞-–°–ø–æ—Ä—Ç¬ª —Ç–∞ ¬´–î–∏–Ω–∞–º–æ¬ª –ö–∏—ó–≤ (–õ–æ–∑–∞–Ω–Ω–∞)\n\n–ó–∞–ø—Ä–æ—à—É—é—Ç—å—Å—è —É—Å—ñ –±–∞–∂–∞—é—á—ñ –Ω–∞ —Ñ—É—Ç–±–æ–ª 29.06.2022 –æ 20:00.\n\n–ü—Ä–∏–±—É—Ç–∫–∏ –≤—ñ–¥ –∑—É—Å—Ç—Ä—ñ—á—ñ –±—É–¥—É—Ç—å –ø–µ—Ä–µ–¥–∞–Ω—ñ –º–µ—Ä–µ–∂—ñ Swiss Happiness –¥–ª—è –ø—ñ–¥—Ç—Ä–∏–º–∫–∏ —É–∫—Ä–∞—ó–Ω—Å—å–∫–∏—Ö –±—ñ–∂–µ–Ω—Ü—ñ–≤ —É –®–≤–µ–π—Ü–∞—Ä—ñ—ó.\n\n–ö—É–ø—É—é—á–∏ –∫–≤–∏—Ç–æ–∫ –Ω–∞ –∑—É—Å—Ç—Ä—ñ—á –§–ö ¬´–õ–æ–∑–∞–Ω–Ω–∞-–°–ø–æ—Ä—Ç¬ª —Ç–∞ ¬´–î–∏–Ω–∞–º–æ¬ª –ö–∏—ó–≤, –≤–∏ —Ä–æ–±–∏—Ç–µ –ø–æ–∂–µ—Ä—Ç–≤—É!\n\n–¶—ñ–Ω–∞ –∫–≤–∏—Ç–∫–∞ –Ω–∞ –º–∞—Ç—á –∑–∞–ª–µ–∂–∏—Ç—å –≤—ñ–¥ –≤–∞—à–æ—ó —â–µ–¥—Ä–æ—Å—Ç—ñ (–≤—ñ–¥ 10 –¥–æ 100 —à–≤–µ–π—Ü–∞—Ä—Å—å–∫–∏—Ö —Ñ—Ä–∞–Ω–∫—ñ–≤).\n\n29 —á–µ—Ä–≤–Ω—è (—Å–µ—Ä–µ–¥–∞) –æ 20:00\n–ê–¥—Ä–µ—Å–∞: \nStade de la Tuili√®re\nüìç Route de Romanel 10,\nCH-1018 LAUSANNE\n\n–î–µ—Ç–∞–ª—å–Ω—ñ—à–µ —Ç—É—Ç \nhttps://www.lausanne-sport.ch/mon-billet-pour-ls-dynamo-kiev/\n\n‚úÖ –©–æ–± –æ—Ç—Ä–∏–º—É–≤–∞—Ç–∏ –∫–æ—Ä–∏—Å–Ω—É —ñ–Ω—Ñ–æ—Ä–º–∞—Ü—ñ—é –ø—ñ–¥–ø–∏—Å—É–π—Ç–µ—Å—å –Ω–∞ –Ω–∞—à—É —Å—Ç–æ—Ä—ñ–Ω–∫—É —É Facebook\nhttps://www.facebook.com/ukraine.reborn.ch/ \n–∞–±–æ –Ω–∞ –∫–∞–Ω–∞–ª —É telegram https://t.me/ukraine_reborn\n\n#ukraine_reborn_—Ä–µ–∫–æ–º–µ–Ω–¥—É—î\n#ukraine_reborn",Immigration,2022-06-15,"üá∫üá¶ –±–ª–∞–≥–æ–¥—ñ–π–Ω–∏–π —Ñ—É—Ç–±–æ–ª—å–Ω–∏–π –º–∞—Ç—á –º—ñ–∂ ¬´–ª–æ–∑–∞–Ω–Ω–∞-—Å–ø–æ—Ä—Ç¬ª —Ç–∞ ¬´–¥–∏–Ω–∞–º–æ¬ª –∫–∏—ó–≤ (–ª–æ–∑–∞–Ω–Ω–∞)  –∑–∞–ø—Ä–æ—à—É—é—Ç—å—Å—è —É—Å—ñ –±–∞–∂–∞—é—á—ñ –Ω–∞ —Ñ—É—Ç–±–æ–ª 29.06.2022 –æ 20:00.  –ø—Ä–∏–±—É—Ç–∫–∏ –≤—ñ–¥ –∑—É—Å—Ç—Ä—ñ—á—ñ –±—É–¥—É—Ç—å –ø–µ—Ä–µ–¥–∞–Ω—ñ –º–µ—Ä–µ–∂—ñ swiss happiness –¥–ª—è –ø—ñ–¥—Ç—Ä–∏–º–∫–∏ —É–∫—Ä–∞—ó–Ω—Å—å–∫–∏—Ö –±—ñ–∂–µ–Ω—Ü—ñ–≤ —É —à–≤–µ–π—Ü–∞—Ä—ñ—ó.  –∫—É–ø—É—é—á–∏ –∫–≤–∏—Ç–æ–∫ –Ω–∞ –∑—É—Å—Ç—Ä—ñ—á —Ñ–∫ ¬´–ª–æ–∑–∞–Ω–Ω–∞-—Å–ø–æ—Ä—Ç¬ª —Ç–∞ ¬´–¥–∏–Ω–∞–º–æ¬ª –∫–∏—ó–≤, –≤–∏ —Ä–æ–±–∏—Ç–µ –ø–æ–∂–µ—Ä—Ç–≤—É!  —Ü—ñ–Ω–∞ –∫–≤–∏—Ç–∫–∞ –Ω–∞ –º–∞—Ç—á –∑–∞–ª–µ–∂–∏—Ç—å –≤—ñ–¥ –≤–∞—à–æ—ó —â–µ–¥—Ä–æ—Å—Ç—ñ (–≤—ñ–¥ 10 –¥–æ 100 —à–≤–µ–π—Ü–∞—Ä—Å—å–∫–∏—Ö —Ñ—Ä–∞–Ω–∫—ñ–≤).  29 —á–µ—Ä–≤–Ω—è (—Å–µ—Ä–µ–¥–∞) –æ 20:00 –∞–¥—Ä–µ—Å–∞:  stade de la tuili√®re üìç route de romanel 10, ch-1018 lausanne  –¥–µ—Ç–∞–ª—å–Ω—ñ—à–µ —Ç—É—Ç   —â–æ–± –æ—Ç—Ä–∏–º—É–≤–∞—Ç–∏ –∫–æ—Ä–∏—Å–Ω—É —ñ–Ω—Ñ–æ—Ä–º–∞—Ü—ñ—é –ø—ñ–¥–ø–∏—Å—É–π—Ç–µ—Å—å –Ω–∞ –Ω–∞—à—É —Å—Ç–æ—Ä—ñ–Ω–∫—É —É    –∞–±–æ –Ω–∞ –∫–∞–Ω–∞–ª —É telegram  ",–º–∞—Ç—á –º—ñ–∂ —Ñ—É—Ç–±–æ–ª—å–Ω–∏–º–∏ –∫–æ–º–∞–Ω–¥–∞–º–∏ ¬´–ª–æ–∑–∞–Ω–Ω–∞-—Å–ø–æ—Ä—Ç¬ª —Ç–∞ ¬´–¥–∏–Ω–∞–º–æ¬ª –∫–∏—ó–≤ (–¥–∏–Ω–∞–º–æ) –≤—ñ–¥–±—É–¥–µ—Ç—å—Å—è —É –ªausanne.
https://t.me/ukraine_reborn,Switzerland,,,3682,128,0,"üá∫üá¶ –†–æ–∑–ø–æ—á–∞—Ç–æ –Ω–∞–±—ñ—Ä –Ω–∞ –≤–∏–≤—á–µ–Ω–Ω—è —Ñ—Ä–∞–Ω—Ü—É–∑—å–∫–æ—ó –¥–ª—è –¥–æ—Ä–æ—Å–ª–∏—Ö\n\n–î–ª—è –±—ñ–∂–µ–Ω—Ü—ñ–≤ –∑ –£–∫—Ä–∞—ó–Ω–∏, –∑–∞ –ø—ñ–¥—Ç—Ä–∏–º–∫–∏ Ukraine-Reborn.ch, —Ä–æ–∑–ø–æ—á–∞–≤—Å—è –Ω–∞–±—ñ—Ä –Ω–∞ –±–µ–∑–∫–æ—à—Ç–æ–≤–Ω–∏–π –∫—É—Ä—Å –∑ –≤–∏–≤—á–µ–Ω–Ω—è —Ñ—Ä–∞–Ω—Ü—É–∑—å–∫–æ—ó –¥–ª—è –¥–æ—Ä–æ—Å–ª–∏—Ö.\n \n–ù–∞–≤—á–∞–Ω–Ω—è —Ä–æ–∑–ø–æ—á–Ω–µ—Ç—å—Å—è –∑ –º–æ–º–µ–Ω—Ç—É –ø–æ–≤–Ω–æ—ó –∫–æ–º–ø–ª–µ–∫—Ç–∞—Ü—ñ—ó –≥—Ä—É–ø–∏. \n\n–Ø–∫—â–æ –≤–∏ –±–∞–∂–∞—î—Ç–µ –±–µ–∑–∫–æ—à—Ç–æ–≤–Ω–æ –≤–∏–≤—á–∏—Ç–∏ —Ñ—Ä–∞–Ω—Ü—É–∑—å–∫—É –º–æ–≤—É –∑ –Ω—É–ª—è, –∑–∞–ø–æ–≤–Ω—ñ—Ç—å –∫–æ—Ä–æ—Ç–∫—É –∞–Ω–∫–µ—Ç—É –∑–∞ –ø–æ—Å–∏–ª–∞–Ω–Ω—è–º https://docs.google.com/forms/d/e/1FAIpQLSfvyX5e58wkxLRqUBqMr0s6w-y4px38uD__vO8B4tCyz821gw/viewform\n\n–ü—Ä–æ –ø–æ—á–∞—Ç–æ–∫ –Ω–∞–≤—á–∞–Ω–Ω—è –º–∏ –ø–æ–≤—ñ–¥–æ–º–∏–º–æ –∑–∞–∑–¥–∞–ª–µ–≥—ñ–¥—å.",Integration,2022-04-25,"üá∫üá¶ —Ä–æ–∑–ø–æ—á–∞—Ç–æ –Ω–∞–±—ñ—Ä –Ω–∞ –≤–∏–≤—á–µ–Ω–Ω—è —Ñ—Ä–∞–Ω—Ü—É–∑—å–∫–æ—ó –¥–ª—è –¥–æ—Ä–æ—Å–ª–∏—Ö  –¥–ª—è –±—ñ–∂–µ–Ω—Ü—ñ–≤ –∑ —É–∫—Ä–∞—ó–Ω–∏, –∑–∞ –ø—ñ–¥—Ç—Ä–∏–º–∫–∏ ukraine-reborn.ch, —Ä–æ–∑–ø–æ—á–∞–≤—Å—è –Ω–∞–±—ñ—Ä –Ω–∞ –±–µ–∑–∫–æ—à—Ç–æ–≤–Ω–∏–π –∫—É—Ä—Å –∑ –≤–∏–≤—á–µ–Ω–Ω—è —Ñ—Ä–∞–Ω—Ü—É–∑—å–∫–æ—ó –¥–ª—è –¥–æ—Ä–æ—Å–ª–∏—Ö.   –Ω–∞–≤—á–∞–Ω–Ω—è —Ä–æ–∑–ø–æ—á–Ω–µ—Ç—å—Å—è –∑ –º–æ–º–µ–Ω—Ç—É –ø–æ–≤–Ω–æ—ó –∫–æ–º–ø–ª–µ–∫—Ç–∞—Ü—ñ—ó –≥—Ä—É–ø–∏.   —è–∫—â–æ –≤–∏ –±–∞–∂–∞—î—Ç–µ –±–µ–∑–∫–æ—à—Ç–æ–≤–Ω–æ –≤–∏–≤—á–∏—Ç–∏ —Ñ—Ä–∞–Ω—Ü—É–∑—å–∫—É –º–æ–≤—É –∑ –Ω—É–ª—è, –∑–∞–ø–æ–≤–Ω—ñ—Ç—å –∫–æ—Ä–æ—Ç–∫—É –∞–Ω–∫–µ—Ç—É –∑–∞ –ø–æ—Å–∏–ª–∞–Ω–Ω—è–º   –ø–æ—á–∞—Ç–æ–∫ –Ω–∞–≤—á–∞–Ω–Ω—è –º–∏ –ø–æ–≤—ñ–¥–æ–º–∏–º–æ –∑–∞–∑–¥–∞–ª–µ–≥—ñ–¥—å.",–¥–ª—è –±—ñ–∂–µ–Ω—Ü—ñ–≤ –∑ —É–∫—Ä–∞—ó–Ω–∏ —Ä–æ–∑–ø–æ—á–∞–≤—Å—è –±–µ–∑–∫–æ—à—Ç–æ–≤–Ω–∏–π –∫—É—Ä—Å –∑ –≤–∏–≤—á–µ–Ω–Ω—è —Ñ—Ä–∞–Ω—Ü—É–∑—å–∫–æ—ó –¥–ª—è –¥–æ—Ä–æ—Å–ª–∏—Ö.
https://t.me/ukraine_reborn,Switzerland,,,2648,40,0,"üá∫üá¶ –ú–∏ –¥—É–∂–µ —Ä–∞–¥—ñ –ø–æ–≤—ñ–¥–æ–º–∏—Ç–∏, —â–æ –≤–ø–µ—Ä—à–µ —ñ —Å–∞–º–µ –¥–ª—è —Ç–∏–º—á–∞—Å–æ–≤–æ –ø–µ—Ä–µ–º—ñ—â–µ–Ω–∏—Ö –£–∫—Ä–∞—ó–Ω—Ü—ñ–≤ –º—ñ–∂–Ω–∞—Ä–æ–¥–Ω–∏–π —É–Ω—ñ–≤–µ—Ä—Å–∏—Ç–µ—Ç –ñ–µ–Ω–µ–≤–∏ –≤—ñ–¥–∫—Ä–∏–≤–∞—î –º–æ–∂–ª–∏–≤—ñ—Å—Ç—å –¥–æ–ª—É—á–∏—Ç–∏—Å—å –¥–æ –§–æ—Ä—É–º—É –ö–∞—Ä'—î—Ä–∏, —è–∫–∏–π —Ü—å–æ–≥–æ —Ä–æ–∫—É –±—É–¥–µ —Ç—Ä–∏–≤–∞—Ç–∏–º–µ –¥–≤–∞ –¥–Ω—ñ:\n24 —Ç–∞ 25 —Ç—Ä–∞–≤–Ω—è –∑ 15:00 –¥–æ 18:00. \n\n–£ –í–∞—Å –±—É–¥–µ –º–æ–∂–ª–∏–≤—ñ—Å—Ç—å –ø–æ–∑–Ω–∞–π–æ–º–∏—Ç–∏—Å—å —Ç–∞ –¥–æ–¥–∞—Ç–∏ –¥–æ —Å–≤–æ–≥–æ LinkedIn –ø—Ä–µ–¥—Å—Ç–∞–≤–Ω–∏–∫—ñ–≤ —Ç–∞–∫–∏—Ö –º—ñ—Å—Ü–µ–≤–∏—Ö —Ç–∞ –º—ñ–∂–Ω–∞—Ä–æ–¥–Ω–∏—Ö –∫–æ–º–ø–∞–Ω—ñ–π —è–∫:\nDuPont, Erst&Young, International Committee of the RedCross\nVodafone, Procter & Gamble, JPMorgan, Neste,  Impact Iniatives\nUnited Nations (mission UNCTAD)\n\n‚úÖ –ó–∞—Ä–µ—î—Å—Ç—Ä—É–≤–∞—Ç–∏—Å—å —Ç—É—Ç:  https://t.me/allswiss\n–ó–∞—Ä–µ—î—Å—Ç—Ä—É–≤–∞—Ç–∏—Å—å –º–æ–∂–Ω–∞ –¥–æ —Ü—å–æ–≥–æ –≤—ñ–≤—Ç–æ—Ä–∫–∞ 12:00.\n\n‚úÖ –©–æ–± –ø–µ—Ä—à–∏–º –¥—ñ–∑–Ω–∞–≤–∞—Ç–∏—Å—è –ø—Ä–æ –Ω–∞–±—ñ—Ä —É –≥—Ä—É–ø–∏, –Ω–∞ –∫—É—Ä—Å–∏ –∞–±–æ –º–∞–π—Å—Ç–µ—Ä-–∫–ª–∞—Å–∏, –ø—ñ–¥–ø–∏—Å—É–π—Ç–µ—Å—å –Ω–∞ –Ω–∞—à—É —Å—Ç–æ—Ä—ñ–Ω–∫—É —É Facebook\nhttps://www.facebook.com/ukraine.reborn.ch/ \n–∞–±–æ –Ω–∞ –∫–∞–Ω–∞–ª —É telegram https://t.me/ukraine_reborn\n\n#ukraine_reborn_—Ä–µ–∫–æ–º–µ–Ω–¥—É—î",Volunteering,2022-05-23,"üá∫üá¶ –º–∏ –¥—É–∂–µ —Ä–∞–¥—ñ –ø–æ–≤—ñ–¥–æ–º–∏—Ç–∏, —â–æ –≤–ø–µ—Ä—à–µ —ñ —Å–∞–º–µ –¥–ª—è —Ç–∏–º—á–∞—Å–æ–≤–æ –ø–µ—Ä–µ–º—ñ—â–µ–Ω–∏—Ö —É–∫—Ä–∞—ó–Ω—Ü—ñ–≤ –º—ñ–∂–Ω–∞—Ä–æ–¥–Ω–∏–π —É–Ω—ñ–≤–µ—Ä—Å–∏—Ç–µ—Ç –∂–µ–Ω–µ–≤–∏ –≤—ñ–¥–∫—Ä–∏–≤–∞—î –º–æ–∂–ª–∏–≤—ñ—Å—Ç—å –¥–æ–ª—É—á–∏—Ç–∏—Å—å –¥–æ —Ñ–æ—Ä—É–º—É –∫–∞—Ä'—î—Ä–∏, —è–∫–∏–π —Ü—å–æ–≥–æ —Ä–æ–∫—É –±—É–¥–µ —Ç—Ä–∏–≤–∞—Ç–∏–º–µ –¥–≤–∞ –¥–Ω—ñ: 24 —Ç–∞ 25 —Ç—Ä–∞–≤–Ω—è –∑ 15:00 –¥–æ 18:00.   —É –≤–∞—Å –±—É–¥–µ –º–æ–∂–ª–∏–≤—ñ—Å—Ç—å –ø–æ–∑–Ω–∞–π–æ–º–∏—Ç–∏—Å—å —Ç–∞ –¥–æ–¥–∞—Ç–∏ –¥–æ —Å–≤–æ–≥–æ linkedin –ø—Ä–µ–¥—Å—Ç–∞–≤–Ω–∏–∫—ñ–≤ —Ç–∞–∫–∏—Ö –º—ñ—Å—Ü–µ–≤–∏—Ö —Ç–∞ –º—ñ–∂–Ω–∞—Ä–æ–¥–Ω–∏—Ö –∫–æ–º–ø–∞–Ω—ñ–π —è–∫: dupont, erst&young, international committee of the redcross vodafone, procter & gamble, jpmorgan, neste,  impact iniatives united nations (mission unctad)  ‚úÖ –∑–∞—Ä–µ—î—Å—Ç—Ä—É–≤–∞—Ç–∏—Å—å —Ç—É—Ç:    –º–æ–∂–Ω–∞ –¥–æ —Ü—å–æ–≥–æ –≤—ñ–≤—Ç–æ—Ä–∫–∞ 12:00.  ‚úÖ —â–æ–± –ø–µ—Ä—à–∏–º –¥—ñ–∑–Ω–∞–≤–∞—Ç–∏—Å—è –ø—Ä–æ –Ω–∞–±—ñ—Ä —É –≥—Ä—É–ø–∏, –Ω–∞ –∫—É—Ä—Å–∏ –∞–±–æ –º–∞–π—Å—Ç–µ—Ä-–∫–ª–∞—Å–∏, –ø—ñ–¥–ø–∏—Å—É–π—Ç–µ—Å—å –Ω–∞ –Ω–∞—à—É —Å—Ç–æ—Ä—ñ–Ω–∫—É —É    –∞–±–æ –Ω–∞ –∫–∞–Ω–∞–ª —É telegram  ",–º—ñ–∂–Ω–∞—Ä–æ–¥–Ω–∏–π —É–Ω—ñ–≤–µ—Ä—Å–∏—Ç–µ—Ç –∂–µ–Ω–µ–≤–∏ –≤—ñ–¥–∫—Ä–∏–≤–∞—î –º–æ–∂–ª–∏–≤—ñ—Å—Ç—å –¥–æ–ª—É—á–∏—Ç–∏—Å—å –¥–æ —Ñ–æ—Ä—É–º—É –∫–∞—Ä'—î—Ä–∏ –¥–ª—è —Ç–∏–º—á–∞—Å–æ–≤–æ –ø–µ—Ä–µ–º—ñ—â–µ–Ω–∏—Ö —É–∫—Ä–∞—ó–Ω—Ü—ñ–≤.
https://t.me/ukraine_reborn,Switzerland,,,1923,31,0,"üá∫üá¶ –ú—É–∑–µ–π Palais de Rumine –≤ –õ–æ–∑–∞–Ω–Ω—ñ –∑–∞–ø—Ä–æ—à—É—î —É–∫—Ä–∞—ó–Ω—Ü—ñ–≤, —è–∫—ñ —Ç–∏–º—á–∞—Å–æ–≤–æ –∑–Ω–∞—Ö–æ–¥—è—Ç—å—Å—è —É –®–≤–µ–π—Ü–∞—Ä—ñ—ó.\n\n18 —á–µ—Ä–≤–Ω—è —Ç–∞ 2 –ª–∏–ø–Ω—è –æ 14:00\n–≤—ñ–¥–≤—ñ–¥–∞–π—Ç–µ –Ω–æ–≤—É —Ç–∏–º—á–∞—Å–æ–≤—É –≤–∏—Å—Ç–∞–≤–∫—É ¬´QANGA¬ª, —è–∫–∞ –ø—Ä–µ–¥—Å—Ç–∞–≤–ª—è—î —ñ—Å—Ç–æ—Ä—ñ—é –ì—Ä–µ–Ω–ª–∞–Ω–¥—ñ—ó —Ç–∞ —Ç–∏–º—á–∞—Å–æ–≤—ñ –≤–∏—Å—Ç–∞–≤–∫–∏, –ø—Ä–∏—Å–≤—è—á–µ–Ω—ñ –Ω–æ–≤–∏–º –∞—Ä—Ö–µ–æ–ª–æ–≥—ñ—á–Ω–∏–º –≤—ñ–¥–∫—Ä–∏—Ç—Ç—è–º –ø–∞–º'—è—Ç–æ–∫ –∫–∞–Ω—Ç–æ–Ω—É –í–æ.\n\n–ó–∞–ø—Ä–æ—à—É—é—Ç—å—Å—è –¥–æ—Ä–æ—Å–ª—ñ —Ç–∞ –¥—ñ—Ç–∏, –º–∞–π—Å—Ç–µ—Ä-–∫–ª–∞—Å –¥–ª—è –¥—ñ—Ç–µ–π –ø—ñ—Å–ª—è –≤—ñ–¥–≤—ñ–¥—É–≤–∞–Ω–Ω—è –≤–∏—Å—Ç–∞–≤–∫–∏.\n\n–í—Ö—ñ–¥ —Ç–∞ –µ–∫—Å–∫—É—Ä—Å—ñ—è –±–µ–∑–∫–æ—à—Ç–æ–≤–Ω—ñ. –ë—Ä–æ–Ω—é–≤–∞—Ç–∏ –Ω–µ –ø–æ—Ç—Ä—ñ–±–Ω–æ.\n–ô–¥—ñ—Ç—å –¥–æ –≤—Ö–æ–¥—É –Ω–∞ –≤–∏—Å—Ç–∞–≤–∫—É.\n\n–ê–¥—Ä–µ—Å–∞: \nPalais de Rumine, \nüìç Pl. de la Riponne 6, \n1005, Lausann–∞\n\n–ö–æ–Ω—Ç–∞–∫—Ç–Ω–∞ –æ—Å–æ–±–∞ –¥–ª—è —É–∫—Ä–∞—ó–Ω—Å—å–∫–æ—ó —Å–ø—ñ–ª—å–Ω–æ—Ç–∏: –ú–∞—Ä—ñ—è –ù–æ–≤–∏—á–µ–Ω–∫–æ–≤–∞, mariia.novychenkova@vd.ch\n\n–õ–∞—Å–∫–∞–≤–æ –ø—Ä–æ—Å–∏–º–æ –¥–æ Palais de Rumine!\n\n‚úÖ –©–æ–± –æ—Ç—Ä–∏–º—É–≤–∞—Ç–∏ –∫–æ—Ä–∏—Å–Ω—É —ñ–Ω—Ñ–æ—Ä–º–∞—Ü—ñ—é –ø—ñ–¥–ø–∏—Å—É–π—Ç–µ—Å—å –Ω–∞ –Ω–∞—à—É —Å—Ç–æ—Ä—ñ–Ω–∫—É —É Facebook\nhttps://www.facebook.com/ukraine.reborn.ch/ \n–∞–±–æ –Ω–∞ –∫–∞–Ω–∞–ª —É telegram https://t.me/ukraine_reborn\n\n#ukraine_reborn_—Ä–µ–∫–æ–º–µ–Ω–¥—É—î\n#ukraine_reborn",Social Activity,2022-06-15,"üá∫üá¶ –º—É–∑–µ–π palais de rumine –≤ –ª–æ–∑–∞–Ω–Ω—ñ –∑–∞–ø—Ä–æ—à—É—î —É–∫—Ä–∞—ó–Ω—Ü—ñ–≤, —è–∫—ñ —Ç–∏–º—á–∞—Å–æ–≤–æ –∑–Ω–∞—Ö–æ–¥—è—Ç—å—Å—è —É —à–≤–µ–π—Ü–∞—Ä—ñ—ó.  18 —á–µ—Ä–≤–Ω—è —Ç–∞ 2 –ª–∏–ø–Ω—è –æ 14:00 –≤—ñ–¥–≤—ñ–¥–∞–π—Ç–µ –Ω–æ–≤—É —Ç–∏–º—á–∞—Å–æ–≤—É –≤–∏—Å—Ç–∞–≤–∫—É ¬´qanga¬ª, —è–∫–∞ –ø—Ä–µ–¥—Å—Ç–∞–≤–ª—è—î —ñ—Å—Ç–æ—Ä—ñ—é –≥—Ä–µ–Ω–ª–∞–Ω–¥—ñ—ó —Ç–∞ —Ç–∏–º—á–∞—Å–æ–≤—ñ –≤–∏—Å—Ç–∞–≤–∫–∏, –ø—Ä–∏—Å–≤—è—á–µ–Ω—ñ –Ω–æ–≤–∏–º –∞—Ä—Ö–µ–æ–ª–æ–≥—ñ—á–Ω–∏–º –≤—ñ–¥–∫—Ä–∏—Ç—Ç—è–º –ø–∞–º'—è—Ç–æ–∫ –∫–∞–Ω—Ç–æ–Ω—É –≤–æ.  –∑–∞–ø—Ä–æ—à—É—é—Ç—å—Å—è –¥–æ—Ä–æ—Å–ª—ñ —Ç–∞ –¥—ñ—Ç–∏, –º–∞–π—Å—Ç–µ—Ä-–∫–ª–∞—Å –¥–ª—è –¥—ñ—Ç–µ–π –ø—ñ—Å–ª—è –≤—ñ–¥–≤—ñ–¥—É–≤–∞–Ω–Ω—è –≤–∏—Å—Ç–∞–≤–∫–∏.  –≤—Ö—ñ–¥ —Ç–∞ –µ–∫—Å–∫—É—Ä—Å—ñ—è –±–µ–∑–∫–æ—à—Ç–æ–≤–Ω—ñ. –±—Ä–æ–Ω—é–≤–∞—Ç–∏ –Ω–µ –ø–æ—Ç—Ä—ñ–±–Ω–æ. –π–¥—ñ—Ç—å –¥–æ –≤—Ö–æ–¥—É –Ω–∞ –≤–∏—Å—Ç–∞–≤–∫—É.  –∞–¥—Ä–µ—Å–∞:  palais de rumine,  üìç pl. de la riponne 6,  1005, lausann–∞  –∫–æ–Ω—Ç–∞–∫—Ç–Ω–∞ –æ—Å–æ–±–∞ –¥–ª—è —É–∫—Ä–∞—ó–Ω—Å—å–∫–æ—ó —Å–ø—ñ–ª—å–Ω–æ—Ç–∏: –º–∞—Ä—ñ—è –Ω–æ–≤–∏—á–µ–Ω–∫–æ–≤–∞, mariia.novychenkova@vd.ch  –ª–∞—Å–∫–∞–≤–æ –ø—Ä–æ—Å–∏–º–æ –¥–æ palais de rumine!  ‚úÖ —â–æ–± –æ—Ç—Ä–∏–º—É–≤–∞—Ç–∏ –∫–æ—Ä–∏—Å–Ω—É —ñ–Ω—Ñ–æ—Ä–º–∞—Ü—ñ—é –ø—ñ–¥–ø–∏—Å—É–π—Ç–µ—Å—å –Ω–∞ –Ω–∞—à—É —Å—Ç–æ—Ä—ñ–Ω–∫—É —É    –∞–±–æ –Ω–∞ –∫–∞–Ω–∞–ª —É telegram  ","–º—É–∑–µ–π palais de rumine –≤ –ª–æ–∑–∞–Ω–Ω—ñ –∑–∞–ø—Ä–æ—à—É—î —É–∫—Ä–∞—ó–Ω—Ü—ñ–≤, —è–∫—ñ —Ç–∏–º—á–∞—Å–æ–≤–æ –∑–Ω–∞—Ö–æ–¥—è—Ç—å—Å—è —É —à–≤–µ–π—Ü–∞—Ä—ñ—ó, –≤—ñ–¥–≤—ñ–¥–∞—Ç–∏ –≤–∏—Å—Ç–∞–≤–∫—É ¬´qanga¬ª."
https://t.me/ukraine_reborn,Switzerland,,,2084,73,0,"üá∫üá¶ –ö–æ–Ω—Å—É–ª—å—Ç–∞—Ü—ñ—è –∑ –æ—Å–≤—ñ—Ç–∏ —É –®–≤–µ–π—Ü–∞—Ä—ñ—ó\n\nOlga Bulankina –æ—á–æ–ª—é—î –ø—Ä–∏–π–º–∞–ª—å–Ω—É –∫–æ–º—ñ—Å—ñ—é –≤ –ú—ñ–∂–Ω–∞—Ä–æ–¥–Ω–æ–º—É –£–Ω—ñ–≤–µ—Ä—Å–∏—Ç–µ—Ç—ñ –ñ–µ–Ω–µ–≤–∏ —Ç–∞ –Ω–∞–¥–∞—î –∫–æ–Ω—Å—É–ª—å—Ç–∞—Ü—ñ—é –¥–ª—è —É–∫—Ä–∞—ó–Ω—Ü—ñ–≤ —â–æ–¥–æ:\n\n‚úÖ –ü—Ä–æ—Ü–µ–¥—É—Ä–∏ –≤—Å—Ç—É–ø—É —Ç–∞ —è–∫ –ø—Ä–∞–≤–∏–ª—å–Ω–æ –ø–æ–¥–∞—Ç–∏ –í–∞—à—É –∑–∞—è–≤–∫—É –Ω–∞ –≤—Å—Ç—É–ø.\n‚úÖ –ú—ñ–∂–Ω–∞—Ä–æ–¥–Ω–∏—Ö –ø—Ä–æ–≥—Ä–∞–º–∏ –æ–±–º—ñ–Ω—É, –≤–∫–ª—é—á–∞—é—á–∏ –ø–æ–¥—Ä–æ–±–∏—Ü—ñ –ø—Ä–æ –¥–≤–∞ –¥–∏–ø–ª–æ–º–∏ –±–∞–∫–∞–ª–∞–≤—Ä–∞ –æ–¥–Ω–æ—á–∞—Å–Ω–æ –≤ UK State University of Plymouth —Ç–∞ International University in Geneva –ª–∏—à–µ –∑–∞ 3 —Ä–æ–∫–∏ —Ç–∞ –Ω–µ –≤–∏—ó–∂–¥–∂–∞—é—á–∏ –∑ –ñ–µ–Ω–µ–≤–∏.\n‚úÖ –ü—Ä–∞—Ü–µ–≤–ª–∞—à—Ç—É–≤–∞–Ω–Ω—è –ø—ñ–¥ —á–∞—Å —Ç–∞ –ø—ñ—Å–ª—è –∑–∞–∫—ñ–Ω—á–µ–Ω–Ω—è –Ω–∞–≤—á–∞–Ω–Ω—è.\n‚úÖ –ü—Ä–æ–∂–∏–≤–∞–Ω–Ω—è —Ç–∞ –∂–∏—Ç—Ç—è –≤ –ñ–µ–Ω–µ–≤—ñ.\n\n–í—Å–µ, —â–æ –≤–∞–º –ø–æ—Ç—Ä—ñ–±–Ω–æ –∑—Ä–æ–±–∏—Ç–∏, —Ü–µ –∑–≤'—è–∑–∞—Ç–∏—Å—è –∑ –û–ª—å–≥–æ—é –≤ Instagram (olyabulankina) –ê–ë–û –ø–µ—Ä–µ–π—Ç–∏ –∑–∞ —Ü–∏–º –ø–æ—Å–∏–ª–∞–Ω–Ω—è–º \nhttps://calendly.com/studyinswitzerland/15min?back=1&month=2022-05\n—â–æ–± –ø—Ä–∏—î–¥–Ω–∞—Ç–∏—Å—è –¥–æ –æ–Ω–ª–∞–π–Ω –∑—É—Å—Ç—Ä—ñ—á—ñ —É –≤–∏–±—Ä–∞–Ω–∏–π –ø—Ä–æ–º—ñ–∂–æ–∫ —á–∞—Å—É.\n\n‚úÖ –©–æ–± –ø–µ—Ä—à–∏–º –¥—ñ–∑–Ω–∞–≤–∞—Ç–∏—Å—è –ø—Ä–æ –Ω–∞–±—ñ—Ä —É –≥—Ä—É–ø–∏, –Ω–∞ –∫—É—Ä—Å–∏ –∞–±–æ –º–∞–π—Å—Ç–µ—Ä-–∫–ª–∞—Å–∏, –ø—ñ–¥–ø–∏—Å—É–π—Ç–µ—Å—å –Ω–∞ –Ω–∞—à—É —Å—Ç–æ—Ä—ñ–Ω–∫—É —É —Ñ–µ–π—Å–±—É–∫ Ukraine-Reborn –∞–±–æ –Ω–∞ –∫–∞–Ω–∞–ª —É —Ç–µ–ª–µ–≥—Ä–∞–º https://t.me/ukraine_reborn",Education,2022-05-13,"üá∫üá¶ –∫–æ–Ω—Å—É–ª—å—Ç–∞—Ü—ñ—è –∑ –æ—Å–≤—ñ—Ç–∏ —É —à–≤–µ–π—Ü–∞—Ä—ñ—ó  olga bulankina –æ—á–æ–ª—é—î –ø—Ä–∏–π–º–∞–ª—å–Ω—É –∫–æ–º—ñ—Å—ñ—é –≤ –º—ñ–∂–Ω–∞—Ä–æ–¥–Ω–æ–º—É —É–Ω—ñ–≤–µ—Ä—Å–∏—Ç–µ—Ç—ñ –∂–µ–Ω–µ–≤–∏ —Ç–∞ –Ω–∞–¥–∞—î –∫–æ–Ω—Å—É–ª—å—Ç–∞—Ü—ñ—é –¥–ª—è —É–∫—Ä–∞—ó–Ω—Ü—ñ–≤ —â–æ–¥–æ:  ‚úÖ –ø—Ä–æ—Ü–µ–¥—É—Ä–∏ –≤—Å—Ç—É–ø—É —Ç–∞ —è–∫ –ø—Ä–∞–≤–∏–ª—å–Ω–æ –ø–æ–¥–∞—Ç–∏ –≤–∞—à—É –∑–∞—è–≤–∫—É –Ω–∞ –≤—Å—Ç—É–ø. ‚úÖ –º—ñ–∂–Ω–∞—Ä–æ–¥–Ω–∏—Ö –ø—Ä–æ–≥—Ä–∞–º–∏ –æ–±–º—ñ–Ω—É, –≤–∫–ª—é—á–∞—é—á–∏ –ø–æ–¥—Ä–æ–±–∏—Ü—ñ –ø—Ä–æ –¥–≤–∞ –¥–∏–ø–ª–æ–º–∏ –±–∞–∫–∞–ª–∞–≤—Ä–∞ –æ–¥–Ω–æ—á–∞—Å–Ω–æ –≤ uk state university of plymouth —Ç–∞ international university in geneva –ª–∏—à–µ –∑–∞ 3 —Ä–æ–∫–∏ —Ç–∞ –Ω–µ –≤–∏—ó–∂–¥–∂–∞—é—á–∏ –∑ –∂–µ–Ω–µ–≤–∏. ‚úÖ –ø—Ä–∞—Ü–µ–≤–ª–∞—à—Ç—É–≤–∞–Ω–Ω—è –ø—ñ–¥ —á–∞—Å —Ç–∞ –ø—ñ—Å–ª—è –∑–∞–∫—ñ–Ω—á–µ–Ω–Ω—è –Ω–∞–≤—á–∞–Ω–Ω—è. ‚úÖ –ø—Ä–æ–∂–∏–≤–∞–Ω–Ω—è —Ç–∞ –∂–∏—Ç—Ç—è –≤ –∂–µ–Ω–µ–≤—ñ.  –≤—Å–µ, —â–æ –≤–∞–º –ø–æ—Ç—Ä—ñ–±–Ω–æ –∑—Ä–æ–±–∏—Ç–∏, —Ü–µ –∑–≤'—è–∑–∞—Ç–∏—Å—è –∑ –æ–ª—å–≥–æ—é –≤ instagram (olyabulankina) –∞–±–æ –ø–µ—Ä–µ–π—Ç–∏ –∑–∞ —Ü–∏–º –ø–æ—Å–∏–ª–∞–Ω–Ω—è–º   –ø—Ä–∏—î–¥–Ω–∞—Ç–∏—Å—è –¥–æ –æ–Ω–ª–∞–π–Ω –∑—É—Å—Ç—Ä—ñ—á—ñ —É –≤–∏–±—Ä–∞–Ω–∏–π –ø—Ä–æ–º—ñ–∂–æ–∫ —á–∞—Å—É.  ‚úÖ —â–æ–± –ø–µ—Ä—à–∏–º –¥—ñ–∑–Ω–∞–≤–∞—Ç–∏—Å—è –ø—Ä–æ –Ω–∞–±—ñ—Ä —É –≥—Ä—É–ø–∏, –Ω–∞ –∫—É—Ä—Å–∏ –∞–±–æ –º–∞–π—Å—Ç–µ—Ä-–∫–ª–∞—Å–∏, –ø—ñ–¥–ø–∏—Å—É–π—Ç–µ—Å—å –Ω–∞ –Ω–∞—à—É —Å—Ç–æ—Ä—ñ–Ω–∫—É —É —Ñ–µ–π—Å–±—É–∫ ukraine-reborn –∞–±–æ –Ω–∞ –∫–∞–Ω–∞–ª —É —Ç–µ–ª–µ–≥—Ä–∞–º  ",–æ—á—ñ–ª—å–Ω–∏—Ü—è –ø—Ä–∏–π–º–∞–ª—å–Ω–æ—ó –∫–æ–º—ñ—Å—ñ—ó –≤ –º—ñ–∂–Ω–∞—Ä–æ–¥–Ω–æ–º—É —É–Ω—ñ–≤–µ—Ä—Å–∏—Ç–µ—Ç—ñ –∂–µ–Ω–µ–≤–∏ olga bulankina –Ω–∞–¥–∞—î —É–∫—Ä–∞—ó–Ω—Ü—è–º –∫–æ–Ω—Å—É–ª—å—Ç–∞—Ü—ñ—é –∑ –æ—Å–≤—ñ—Ç–∏ —É —à–≤–µ–π—Ü–∞—Ä—ñ—ó.
https://t.me/ukraine_reborn,Switzerland,,,3048,62,1,"üá∫üá¶ –§—ñ—Ç–Ω–µ—Å –≤ —Ü–µ–Ω—Ç—Ä—ñ –ñ–µ–Ω–µ–≤–∏\n\n –ë–µ–∑–∫–æ—à—Ç–æ–≤–Ω—ñ –∑–∞–Ω—è—Ç—Ç—è –≤ –ø–∞—Ä–∫—É –û-–í—ñ–≤ (–ñ–µ–Ω–µ–≤–∞)\n üìç (–õ–æ–∫–∞—Ü—ñ—è:\n https://goo.gl/maps/Ny8ZynPDLowuPFB3A )\n\n–†–æ–∑–∫–ª–∞–¥ –∑–∞–Ω—è—Ç—å\n ‚è∞–ü–ù / –°–† / –ü–¢   18:00\n ‚è∞–í–¢ / –ß–¢ / –°–ë     9:00\n –¢—Ä–µ–Ω—É–≤–∞–Ω–Ω—è —Ç—Ä–∏–≤–∞—î 40-60 —Ö–≤–∏–ª–∏–Ω\n\n üíß –ó —Å–æ–±–æ—é –æ–±–æ–≤'—è–∑–∫–æ–≤–æ –±–µ—Ä–µ–º–æ –≤–æ–¥—É! –©–æ–± –ø–æ–ø–æ–≤–Ω—é–≤–∞—Ç–∏ –≤–æ–¥–Ω–∏–π –±–∞–ª–∞–Ω—Å –≤ –æ—Ä–≥–∞–Ω—ñ–∑–º—ñ!\n üëü –û–¥—è–≥–∞—î–º–æ –∑—Ä—É—á–Ω–∏–π –æ–¥—è–≥ —Ç–∞ —Å–ø–æ—Ä—Ç–∏–≤–Ω–µ –≤–∑—É—Ç—Ç—è.\n\n –ü—Ä–æ–≤–æ–¥—å—Ç–µ —á–∞—Å –∑ –∫–æ—Ä–∏—Å—Ç—é –¥–ª—è –¥—É—à—ñ —Ç–∞ —Ç—ñ–ª–∞ üí™üèº\n\n –î–µ—Ç–∞–ª—ñ –≤ –æ—Ñ—ñ—Ü—ñ–π–Ω—ñ–π –≥—Ä—É–ø—ñ ¬´–§—ñ—Ç–Ω–µ—Å –ñ–µ–Ω–µ–≤–∞¬ª : https://t.me/+UySZXKKJ3gw5NGI0\n\n‚úÖ –©–æ–± –ø–µ—Ä—à–∏–º –¥—ñ–∑–Ω–∞–≤–∞—Ç–∏—Å—è –ø—Ä–æ –∫—É—Ä—Å–∏, –º–∞–π—Å—Ç–µ—Ä-–∫–ª–∞—Å–∏ —Ç–∞ –æ—Ç—Ä–∏–º—É–≤–∞—Ç–∏ –∫–æ—Ä–∏—Å–Ω—É —ñ–Ω—Ñ–æ—Ä–º–∞—Ü—ñ—é \n–ø—ñ–¥–ø–∏—Å—É–π—Ç–µ—Å—å –Ω–∞ –Ω–∞—à—É —Å—Ç–æ—Ä—ñ–Ω–∫—É —É —Ñ–µ–π—Å–±—É–∫ Ukraine-Reborn –∞–±–æ –Ω–∞ –∫–∞–Ω–∞–ª —É —Ç–µ–ª–µ–≥—Ä–∞–º https://t.me/ukraine_reborn",Social Activity,2022-05-17,"üá∫üá¶ —Ñ—ñ—Ç–Ω–µ—Å –≤ —Ü–µ–Ω—Ç—Ä—ñ –∂–µ–Ω–µ–≤–∏   –±–µ–∑–∫–æ—à—Ç–æ–≤–Ω—ñ –∑–∞–Ω—è—Ç—Ç—è –≤ –ø–∞—Ä–∫—É –æ-–≤—ñ–≤ (–∂–µ–Ω–µ–≤–∞)  üìç (–ª–æ–∫–∞—Ü—ñ—è:    )  —Ä–æ–∑–∫–ª–∞–¥ –∑–∞–Ω—è—Ç—å  ‚è∞–ø–Ω / —Å—Ä / –ø—Ç   18:00  ‚è∞–≤—Ç / —á—Ç / —Å–±     9:00  —Ç—Ä–µ–Ω—É–≤–∞–Ω–Ω—è —Ç—Ä–∏–≤–∞—î 40-60 —Ö–≤–∏–ª–∏–Ω   üíß –∑ —Å–æ–±–æ—é –æ–±–æ–≤'—è–∑–∫–æ–≤–æ –±–µ—Ä–µ–º–æ –≤–æ–¥—É! —â–æ–± –ø–æ–ø–æ–≤–Ω—é–≤–∞—Ç–∏ –≤–æ–¥–Ω–∏–π –±–∞–ª–∞–Ω—Å –≤ –æ—Ä–≥–∞–Ω—ñ–∑–º—ñ!  üëü –æ–¥—è–≥–∞—î–º–æ –∑—Ä—É—á–Ω–∏–π –æ–¥—è–≥ —Ç–∞ —Å–ø–æ—Ä—Ç–∏–≤–Ω–µ –≤–∑—É—Ç—Ç—è.   –ø—Ä–æ–≤–æ–¥—å—Ç–µ —á–∞—Å –∑ –∫–æ—Ä–∏—Å—Ç—é –¥–ª—è –¥—É—à—ñ —Ç–∞ —Ç—ñ–ª–∞ üí™üèº   –¥–µ—Ç–∞–ª—ñ –≤ –æ—Ñ—ñ—Ü—ñ–π–Ω—ñ–π –≥—Ä—É–ø—ñ ¬´—Ñ—ñ—Ç–Ω–µ—Å –∂–µ–Ω–µ–≤–∞¬ª :   —â–æ–± –ø–µ—Ä—à–∏–º –¥—ñ–∑–Ω–∞–≤–∞—Ç–∏—Å—è –ø—Ä–æ –∫—É—Ä—Å–∏, –º–∞–π—Å—Ç–µ—Ä-–∫–ª–∞—Å–∏ —Ç–∞ –æ—Ç—Ä–∏–º—É–≤–∞—Ç–∏ –∫–æ—Ä–∏—Å–Ω—É —ñ–Ω—Ñ–æ—Ä–º–∞—Ü—ñ—é  –ø—ñ–¥–ø–∏—Å—É–π—Ç–µ—Å—å –Ω–∞ –Ω–∞—à—É —Å—Ç–æ—Ä—ñ–Ω–∫—É —É —Ñ–µ–π—Å–±—É–∫ ukraine-reborn –∞–±–æ –Ω–∞ –∫–∞–Ω–∞–ª —É —Ç–µ–ª–µ–≥—Ä–∞–º  ",—É —Ü–µ–Ω—Ç—Ä—ñ –∂–µ–Ω–µ–≤–∏ –±–µ–∑–∫–æ—à—Ç–æ–≤–Ω—ñ –∑–∞–Ω—è—Ç—Ç—è –∑ —Ñ—ñ—Ç–Ω–µ—Å–æ–º.
https://t.me/ukraine_reborn,Switzerland,,,1746,40,4,"‚ùå–∑–∞–ø–∏—Å –∑–∞–≤–µ—Ä—à–µ–Ω–æ\n\nüá∫üá¶ –ï–∫—Å–∫—É—Ä—Å—ñ—è –ø–æ –ñ–µ–Ω–µ–≤—ñ\n\n–ë–∞–∂–∞—é—á—ñ –ø–æ–∑–Ω–∞–π–æ–º–∏—Ç–∏—Å—è –∑ —ñ—Å—Ç–æ—Ä—ñ—î—é –º—ñ—Å—Ç–∞ –∑–∞–ø—Ä–æ—à—É—î–º–æ –Ω–∞ –µ–∫—Å–∫—É—Ä—Å—ñ—é 11 —Ç—Ä–∞–≤–Ω—è –æ 10:00.\n\n–ú—ñ—Å—Ü–µ –∑—É—Å—Ç—Ä—ñ—á—ñ Parc de Bastions, –±—ñ–ª—è —à–∞—Ö–º–∞—Ç—ñ–≤.\n\n–ë–µ–∑–∫–æ—à—Ç–æ–≤–Ω–æ.\n\n–ï–∫—Å–∫—É—Ä—Å—ñ—è –Ω–∞ —Ä–æ—Å—Å—ñ–π—Å—å–∫—ñ–π –º–æ–≤—ñ.\n\n–î–µ—Ç–∞–ª—ñ —Ç–∞ –∑–∞–ø–∏—Å –∑–∞ –ø–æ—Å–∏–ª–∞–Ω–Ω—è–º\nhttps://www.facebook.com/daria.chernyavskaya.94\n\n‚úÖ –©–æ–± –ø–µ—Ä—à–∏–º –¥—ñ–∑–Ω–∞–≤–∞—Ç–∏—Å—è –ø—Ä–æ –Ω–∞–±—ñ—Ä —É –≥—Ä—É–ø–∏, –Ω–∞ –∫—É—Ä—Å–∏ –∞–±–æ –º–∞–π—Å—Ç–µ—Ä-–∫–ª–∞—Å–∏, –ø—ñ–¥–ø–∏—Å—É–π—Ç–µ—Å—å –Ω–∞ –Ω–∞—à—É —Å—Ç–æ—Ä—ñ–Ω–∫—É —É —Ñ–µ–π—Å–±—É–∫ Ukraine-Reborn –∞–±–æ –Ω–∞ –∫–∞–Ω–∞–ª —É —Ç–µ–ª–µ–≥—Ä–∞–º https://t.me/ukraine_reborn",Education,2022-05-09,"‚ùå–∑–∞–ø–∏—Å –∑–∞–≤–µ—Ä—à–µ–Ω–æ  üá∫üá¶ –µ–∫—Å–∫—É—Ä—Å—ñ—è –ø–æ –∂–µ–Ω–µ–≤—ñ  –±–∞–∂–∞—é—á—ñ –ø–æ–∑–Ω–∞–π–æ–º–∏—Ç–∏—Å—è –∑ —ñ—Å—Ç–æ—Ä—ñ—î—é –º—ñ—Å—Ç–∞ –∑–∞–ø—Ä–æ—à—É—î–º–æ –Ω–∞ –µ–∫—Å–∫—É—Ä—Å—ñ—é 11 —Ç—Ä–∞–≤–Ω—è –æ 10:00.  –º—ñ—Å—Ü–µ –∑—É—Å—Ç—Ä—ñ—á—ñ parc de bastions, –±—ñ–ª—è —à–∞—Ö–º–∞—Ç—ñ–≤.  –±–µ–∑–∫–æ—à—Ç–æ–≤–Ω–æ.  –µ–∫—Å–∫—É—Ä—Å—ñ—è –Ω–∞ —Ä–æ—Å—Å—ñ–π—Å—å–∫—ñ–π –º–æ–≤—ñ.  –¥–µ—Ç–∞–ª—ñ —Ç–∞ –∑–∞–ø–∏—Å –∑–∞   —â–æ–± –ø–µ—Ä—à–∏–º –¥—ñ–∑–Ω–∞–≤–∞—Ç–∏—Å—è –ø—Ä–æ –Ω–∞–±—ñ—Ä —É –≥—Ä—É–ø–∏, –Ω–∞ –∫—É—Ä—Å–∏ –∞–±–æ –º–∞–π—Å—Ç–µ—Ä-–∫–ª–∞—Å–∏, –ø—ñ–¥–ø–∏—Å—É–π—Ç–µ—Å—å –Ω–∞ –Ω–∞—à—É —Å—Ç–æ—Ä—ñ–Ω–∫—É —É —Ñ–µ–π—Å–±—É–∫ ukraine-reborn –∞–±–æ –Ω–∞ –∫–∞–Ω–∞–ª —É —Ç–µ–ª–µ–≥—Ä–∞–º  ",—É –∂–µ–Ω–µ–≤—ñ 11 —Ç—Ä–∞–≤–Ω—è –æ 10:00 –≤—ñ–¥–±—É–¥–µ—Ç—å—Å—è –µ–∫—Å–∫—É—Ä—Å—ñ—è –ø–æ –º—ñ—Å—Ç—É.
https://t.me/ukraine_reborn,Switzerland,,,2581,46,1,"üá∫üá¶ –ö–æ—Ä–∏—Å–Ω–∞ —ñ–Ω—Ñ–æ—Ä–º–∞—Ü—ñ—è –¥–ª—è —É–∫—Ä–∞—ó–Ω—Ü—ñ–≤ —É –®–≤–µ–π—Ü–∞—Ä—ñ—ó\n\n–î–æ—Ä–æ–≥—ñ —É–∫—Ä–∞—ó–Ω—Ü—ñ, —è–∫—ñ –∑–Ω–∞–π—à–ª–∏ —É –®–≤–µ–π—Ü–∞—Ä—ñ—ó —Ç–∏–º—á–∞—Å–æ–≤–∏–π –ø—Ä–∏—Ö–∏—Å—Ç–æ–∫, –≤–æ–ª–æ–Ω—Ç–µ—Ä–∫–∏ ""–£–∫—Ä–∞—ó–Ω–∫–∏ –®–≤–µ–π—Ü–∞—Ä—ñ—ó"" –æ–Ω–æ–≤–∏–ª–∏ —Ç–∞ –¥–æ–ø–æ–≤–Ω–∏–ª–∏ Google-–¥–æ–∫—É–º–µ–Ω—Ç –∑ —ñ–Ω—Ñ–æ—Ä–º–∞—Ü—ñ—î—é, —è–∫–∞ –º–æ–∂–µ –±—É—Ç–∏ –∫–æ—Ä–∏—Å–Ω–æ—é –¥–ª—è –í–∞—Å:\nüîπ –û—Ñ–æ—Ä–º–ª–µ–Ω–Ω—è —Å—Ç–∞—Ç—É—Å—É S\nüîπ –ñ–∏—Ç–ª–æ–≤—ñ –ø–∏—Ç–∞–Ω–Ω—è\nüîπ –ü–æ—à—É–∫ —Ä–æ–±–æ—Ç–∏\nüîπ –í–∏–≤—á–µ–Ω–Ω—è —ñ–Ω–æ–∑–µ–º–Ω–∏—Ö –º–æ–≤ —Ç–∞ –±–∞–≥–∞—Ç–æ —ñ–Ω—à–æ–≥–æ \n\n–ë—É–¥—å –ª–∞—Å–∫–∞, –∫–æ—Ä–∏—Å—Ç—É–π—Ç–µ—Å—è —Ç–∞, —è–∫—â–æ –º–∞—î—Ç–µ –¥–æ–ø–æ–≤–Ω–µ–Ω–Ω—è, –¥—ñ–ª—ñ—Ç—å—Å—è –Ω–∏–º–∏ —É –∫–æ–º–µ–Ω—Ç–∞—Ä—è—Ö –¥–æ —Ü—å–æ–≥–æ –¥–æ–ø–∏—Å—É. \n\n–î–µ—Ç–∞–ª—å–Ω—ñ—à–µ —Ç—É—Ç>>\nhttps://docs.google.com/document/d/1Ac-i_qNj_62z7cB0mh0ZxY3Y0e-_EPAK_k0fhOqeqZM/edit?usp=drivesdk\n\n‚úÖ –©–æ–± –ø–µ—Ä—à–∏–º –¥—ñ–∑–Ω–∞–≤–∞—Ç–∏—Å—è –ø—Ä–æ –Ω–∞–±—ñ—Ä –Ω–∞ –∫—É—Ä—Å–∏, –º–∞–π—Å—Ç–µ—Ä-–∫–ª–∞—Å–∏ —Ç–∞ –æ—Ç—Ä–∏–º—É–≤–∞—Ç–∏ –∫–æ—Ä–∏—Å–Ω—É —ñ–Ω—Ñ–æ—Ä–º–∞—Ü—ñ—é –ø—ñ–¥–ø–∏—Å—É–π—Ç–µ—Å—å –Ω–∞ –Ω–∞—à—É —Å—Ç–æ—Ä—ñ–Ω–∫—É —É Facebook\nhttps://www.facebook.com/ukraine.reborn.ch/ \n–∞–±–æ –Ω–∞ –∫–∞–Ω–∞–ª —É telegram https://t.me/ukraine_reborn\n\n#ukraine_reborn_–∫–æ—Ä–∏—Å–Ω–æ\n#ukraine_reborn",Transportation,2022-06-11,"üá∫üá¶ –∫–æ—Ä–∏—Å–Ω–∞ —ñ–Ω—Ñ–æ—Ä–º–∞—Ü—ñ—è –¥–ª—è —É–∫—Ä–∞—ó–Ω—Ü—ñ–≤ —É —à–≤–µ–π—Ü–∞—Ä—ñ—ó  –¥–æ—Ä–æ–≥—ñ —É–∫—Ä–∞—ó–Ω—Ü—ñ, —è–∫—ñ –∑–Ω–∞–π—à–ª–∏ —É —à–≤–µ–π—Ü–∞—Ä—ñ—ó —Ç–∏–º—á–∞—Å–æ–≤–∏–π –ø—Ä–∏—Ö–∏—Å—Ç–æ–∫, –≤–æ–ª–æ–Ω—Ç–µ—Ä–∫–∏ ""—É–∫—Ä–∞—ó–Ω–∫–∏ —à–≤–µ–π—Ü–∞—Ä—ñ—ó"" –æ–Ω–æ–≤–∏–ª–∏ —Ç–∞ –¥–æ–ø–æ–≤–Ω–∏–ª–∏ google-–¥–æ–∫—É–º–µ–Ω—Ç –∑ —ñ–Ω—Ñ–æ—Ä–º–∞—Ü—ñ—î—é, —è–∫–∞ –º–æ–∂–µ –±—É—Ç–∏ –∫–æ—Ä–∏—Å–Ω–æ—é –¥–ª—è –≤–∞—Å: üîπ –æ—Ñ–æ—Ä–º–ª–µ–Ω–Ω—è —Å—Ç–∞—Ç—É—Å—É s üîπ –∂–∏—Ç–ª–æ–≤—ñ –ø–∏—Ç–∞–Ω–Ω—è üîπ –ø–æ—à—É–∫ —Ä–æ–±–æ—Ç–∏ üîπ –≤–∏–≤—á–µ–Ω–Ω—è —ñ–Ω–æ–∑–µ–º–Ω–∏—Ö –º–æ–≤ —Ç–∞ –±–∞–≥–∞—Ç–æ —ñ–Ω—à–æ–≥–æ   –±—É–¥—å –ª–∞—Å–∫–∞, –∫–æ—Ä–∏—Å—Ç—É–π—Ç–µ—Å—è —Ç–∞, —è–∫—â–æ –º–∞—î—Ç–µ –¥–æ–ø–æ–≤–Ω–µ–Ω–Ω—è, –¥—ñ–ª—ñ—Ç—å—Å—è –Ω–∏–º–∏ —É –∫–æ–º–µ–Ω—Ç–∞—Ä—è—Ö –¥–æ —Ü—å–æ–≥–æ –¥–æ–ø–∏—Å—É.   –¥–µ—Ç–∞–ª—å–Ω—ñ—à–µ   —â–æ–± –ø–µ—Ä—à–∏–º –¥—ñ–∑–Ω–∞–≤–∞—Ç–∏—Å—è –ø—Ä–æ –Ω–∞–±—ñ—Ä –Ω–∞ –∫—É—Ä—Å–∏, –º–∞–π—Å—Ç–µ—Ä-–∫–ª–∞—Å–∏ —Ç–∞ –æ—Ç—Ä–∏–º—É–≤–∞—Ç–∏ –∫–æ—Ä–∏—Å–Ω—É —ñ–Ω—Ñ–æ—Ä–º–∞—Ü—ñ—é –ø—ñ–¥–ø–∏—Å—É–π—Ç–µ—Å—å –Ω–∞ –Ω–∞—à—É —Å—Ç–æ—Ä—ñ–Ω–∫—É —É    –∞–±–æ –Ω–∞ –∫–∞–Ω–∞–ª —É telegram  ","–≤–æ–ª–æ–Ω—Ç–µ—Ä–∫–∏ ¬´—É–∫—Ä–∞—ó–Ω–∫–∏ —à–≤–µ–π—Ü–∞—Ä—ñ—ó¬ª –æ–Ω–æ–≤–∏–ª–∏ google-–¥–æ–∫—É–º–µ–Ω—Ç –∑ —ñ–Ω—Ñ–æ—Ä–º–∞—Ü—ñ—î—é, —è–∫–∞ –º–æ–∂–µ –±—É—Ç–∏ –∫–æ—Ä–∏—Å–Ω–æ—é –¥–ª—è —É–∫—Ä–∞—ó–Ω—Ü—ñ–≤ —É —à–≤–µ–π—Ü–∞—Ä—ñ—ó."
https://t.me/ukraine_reborn,Switzerland,,,1747,65,0,"üá∫üá¶ –î–æ–ø–æ–º–æ–≥–∞ –∞–±—ñ—Ç—É—Ä—ñ—î–Ω—Ç–∞–º —Ç–∞ —Å—Ç—É–¥–µ–Ω—Ç–∞–º\n\n–®–∞–Ω–æ–≤–Ω–∞ —É–∫—Ä–∞—ó–Ω—Å—å–∫–∞ –º–æ–ª–æ–¥—å, –∞ —Å–∞–º–µ, –∞–±—ñ—Ç—É—Ä—ñ—î–Ω—Ç–∏ —Ç–∞ —Å—Ç—É–¥–µ–Ω—Ç–∏ —É–Ω—ñ–≤–µ—Ä—Å–∏—Ç–µ—Ç—ñ–≤, –∞—Å–æ—Ü—ñ–∞—Ü—ñ—è Geneva Branch of Ukrainian Society in Switzerland –Ω–∞–¥–∞—î –¥–æ–ø–æ–º–æ–≥—É –¥–ª—è –ø—ñ–¥—Ç—Ä–∏–º–∫–∏ –Ω–∞–≤—á–∞–Ω–Ω—è –∞–±—ñ—Ç—É—Ä—ñ—î–Ω—Ç–∞–º —Ç–∞ —Å—Ç—É–¥–µ–Ω—Ç–∞–º.\n\n–£–º–æ–≤–∏ —Ñ–æ–Ω–¥—É: \nüéì —É–∫—Ä–∞—ó–Ω—Å—å–∫—ñ –±—ñ–∂–µ–Ω—Ü—ñ, \nüéì –±—É–¥—å-—è–∫–∞ –∫—Ä–∞—ó–Ω–∞, \nüéì –±—É–¥—å-—è–∫–∏–π —É–Ω—ñ–≤–µ—Ä—Å–∏—Ç–µ—Ç.\n–ì—Ä–æ—à—ñ –Ω–∞–¥–∞—é—Ç—å—Å—è –Ω–∞ —É–º–æ–≤–∞—Ö –∫–æ–Ω–∫—É—Ä—Å—É —Ç–∞ –ø–æ —Ä–µ–∑—É–ª—å—Ç–∞—Ç–∞–º —ñ–Ω—Ç–µ—Ä–≤'—é.\n\n–ó–≤–µ—Ä—Ç–∞—Ç–∏—Å—è –¥–æ Geneva Branch of Ukrainian Society in Switzerland  info@ukrainiansingeneva.ch\n\n‚úÖ –©–æ–± –ø–µ—Ä—à–∏–º –¥—ñ–∑–Ω–∞–≤–∞—Ç–∏—Å—è –ø—Ä–æ –Ω–∞–±—ñ—Ä –Ω–∞ –∫—É—Ä—Å–∏, –º–∞–π—Å—Ç–µ—Ä-–∫–ª–∞—Å–∏ —Ç–∞ –æ—Ç—Ä–∏–º—É–≤–∞—Ç–∏ –∫–æ—Ä–∏—Å–Ω—É —ñ–Ω—Ñ–æ—Ä–º–∞—Ü—ñ—é –ø—ñ–¥–ø–∏—Å—É–π—Ç–µ—Å—å –Ω–∞ –Ω–∞—à—É —Å—Ç–æ—Ä—ñ–Ω–∫—É —É Facebook\nhttps://www.facebook.com/ukraine.reborn.ch/ \n–∞–±–æ –Ω–∞ –∫–∞–Ω–∞–ª —É telegram https://t.me/ukraine_reborn\n\n#ukraine_reborn_—Ä–µ–∫–æ–º–µ–Ω–¥—É—î\n#ukraine_reborn",Education,2022-06-10,"üá∫üá¶ –¥–æ–ø–æ–º–æ–≥–∞ –∞–±—ñ—Ç—É—Ä—ñ—î–Ω—Ç–∞–º —Ç–∞ —Å—Ç—É–¥–µ–Ω—Ç–∞–º  —à–∞–Ω–æ–≤–Ω–∞ —É–∫—Ä–∞—ó–Ω—Å—å–∫–∞ –º–æ–ª–æ–¥—å, –∞ —Å–∞–º–µ, –∞–±—ñ—Ç—É—Ä—ñ—î–Ω—Ç–∏ —Ç–∞ —Å—Ç—É–¥–µ–Ω—Ç–∏ —É–Ω—ñ–≤–µ—Ä—Å–∏—Ç–µ—Ç—ñ–≤, –∞—Å–æ—Ü—ñ–∞—Ü—ñ—è geneva branch of ukrainian society in switzerland –Ω–∞–¥–∞—î –¥–æ–ø–æ–º–æ–≥—É –¥–ª—è –ø—ñ–¥—Ç—Ä–∏–º–∫–∏ –Ω–∞–≤—á–∞–Ω–Ω—è –∞–±—ñ—Ç—É—Ä—ñ—î–Ω—Ç–∞–º —Ç–∞ —Å—Ç—É–¥–µ–Ω—Ç–∞–º.  —É–º–æ–≤–∏ —Ñ–æ–Ω–¥—É:  üéì —É–∫—Ä–∞—ó–Ω—Å—å–∫—ñ –±—ñ–∂–µ–Ω—Ü—ñ,  üéì –±—É–¥—å-—è–∫–∞ –∫—Ä–∞—ó–Ω–∞,  üéì –±—É–¥—å-—è–∫–∏–π —É–Ω—ñ–≤–µ—Ä—Å–∏—Ç–µ—Ç. –≥—Ä–æ—à—ñ –Ω–∞–¥–∞—é—Ç—å—Å—è –Ω–∞ —É–º–æ–≤–∞—Ö –∫–æ–Ω–∫—É—Ä—Å—É —Ç–∞ –ø–æ —Ä–µ–∑—É–ª—å—Ç–∞—Ç–∞–º —ñ–Ω—Ç–µ—Ä–≤'—é.  –∑–≤–µ—Ä—Ç–∞—Ç–∏—Å—è –¥–æ geneva branch of ukrainian society in switzerland  info@ukrainiansingeneva.ch  ‚úÖ —â–æ–± –ø–µ—Ä—à–∏–º –¥—ñ–∑–Ω–∞–≤–∞—Ç–∏—Å—è –ø—Ä–æ –Ω–∞–±—ñ—Ä –Ω–∞ –∫—É—Ä—Å–∏, –º–∞–π—Å—Ç–µ—Ä-–∫–ª–∞—Å–∏ —Ç–∞ –æ—Ç—Ä–∏–º—É–≤–∞—Ç–∏ –∫–æ—Ä–∏—Å–Ω—É —ñ–Ω—Ñ–æ—Ä–º–∞—Ü—ñ—é –ø—ñ–¥–ø–∏—Å—É–π—Ç–µ—Å—å –Ω–∞ –Ω–∞—à—É —Å—Ç–æ—Ä—ñ–Ω–∫—É —É    –∞–±–æ –Ω–∞ –∫–∞–Ω–∞–ª —É telegram  ",–∞—Å–æ—Ü—ñ–∞—Ü—ñ—è geneva branch of ukrainian society in switzerland –Ω–∞–¥–∞—î –¥–æ–ø–æ–º–æ–≥—É –∞–±—ñ—Ç—É—Ä—ñ—î–Ω—Ç–∞–º —Ç–∞ —Å—Ç—É–¥–µ–Ω—Ç–∞–º —É–Ω—ñ–≤–µ—Ä—Å–∏—Ç–µ—Ç—ñ–≤.
